downtime_id,equipment_id,failure_date,repair_start_date,repair_end_date,downtime_hours,failure_type,failure_component,root_cause,maintenance_type,repair_cost
DT00001,EQ0001,2023-05-20,2023-05-20 04:00:00,2023-05-22 05:15:36,49.26,Engine,Transmission,Root cause analysis: External damage,Predictive,12687.66
DT00002,EQ0001,2023-03-23,2023-03-23 07:00:00,2023-03-25 04:21:36,45.36,Structural,Bucket,Root cause analysis: External damage,Preventive,16160.31
DT00003,EQ0001,2024-06-18,2024-06-18 06:00:00,2024-06-18 22:18:00,16.3,Electrical,Brake System,Root cause analysis: Material fatigue,Predictive,6978.47
DT00004,EQ0001,2024-09-06,2024-09-06 02:00:00,2024-09-07 12:00:36,34.01,Mechanical,Undercarriage,Root cause analysis: External damage,Preventive,49923.49
DT00005,EQ0001,2023-07-24,2023-07-24 04:00:00,2023-07-24 11:07:48,7.13,Structural,Brake System,Root cause analysis: Operator error,Reactive,46696.34
DT00006,EQ0001,2023-05-21,2023-05-21 06:00:00,2023-05-23 21:33:00,63.55,Hydraulic,Hydraulic Pump,Root cause analysis: Material fatigue,Predictive,41770.38
DT00007,EQ0001,2024-09-11,2024-09-11 01:00:00,2024-09-12 21:49:12,44.82,Structural,Brake System,Root cause analysis: Wear and tear,Reactive,46977.04
DT00008,EQ0002,2024-06-25,2024-06-25 02:00:00,2024-06-25 12:04:48,10.08,Structural,Hydraulic Pump,Root cause analysis: Design flaw,Reactive,14446.94
DT00009,EQ0002,2024-03-07,2024-03-07 04:00:00,2024-03-09 08:13:48,52.23,Hydraulic,Boom,Root cause analysis: Material fatigue,Reactive,12930.5
DT00010,EQ0002,2023-04-15,2023-04-15 07:00:00,2023-04-15 15:27:36,8.46,Hydraulic,Engine,Root cause analysis: Wear and tear,Reactive,17011.05
DT00011,EQ0002,2023-09-25,2023-09-25 05:00:00,2023-09-27 03:36:00,46.6,Electrical,Undercarriage,Root cause analysis: External damage,Reactive,35430.54
DT00012,EQ0002,2023-01-20,2023-01-20 03:00:00,2023-01-20 12:49:48,9.83,Structural,Engine,Root cause analysis: Design flaw,Reactive,29334.22
DT00013,EQ0002,2023-10-31,2023-10-31 01:00:00,2023-11-01 09:05:24,32.09,Hydraulic,Cooling System,Root cause analysis: Wear and tear,Preventive,44996.77
DT00014,EQ0002,2024-03-06,2024-03-06 02:00:00,2024-03-08 03:44:24,49.74,Hydraulic,Boom,Root cause analysis: Material fatigue,Reactive,48704.93
DT00015,EQ0002,2023-11-13,2023-11-13 04:00:00,2023-11-15 22:48:00,66.8,Electrical,Hydraulic Pump,Root cause analysis: Material fatigue,Reactive,1726.92
DT00016,EQ0002,2024-11-11,2024-11-11 07:00:00,2024-11-13 15:46:12,56.77,Electrical,Brake System,Root cause analysis: Operator error,Reactive,39475.04
DT00017,EQ0003,2025-02-22,2025-02-22 08:00:00,2025-02-24 23:03:00,63.05,Electrical,Alternator,Root cause analysis: Material fatigue,Reactive,17808.09
DT00018,EQ0003,2024-04-11,2024-04-11 04:00:00,2024-04-11 21:36:00,17.6,Engine,Cooling System,Root cause analysis: Design flaw,Preventive,43285.47
DT00019,EQ0003,2024-07-25,2024-07-25 07:00:00,2024-07-26 09:34:48,26.58,Structural,Cooling System,Root cause analysis: Wear and tear,Reactive,6209.42
DT00020,EQ0003,2024-06-18,2024-06-18 05:00:00,2024-06-18 19:30:00,14.5,Mechanical,Transmission,Root cause analysis: External damage,Predictive,22010.91
DT00021,EQ0003,2024-10-04,2024-10-04 02:00:00,2024-10-05 10:33:00,32.55,Engine,Bucket,Root cause analysis: Operator error,Preventive,13108.76
DT00022,EQ0003,2025-06-12,2025-06-12 04:00:00,2025-06-12 06:07:12,2.12,Hydraulic,Fuel System,Root cause analysis: Wear and tear,Reactive,47469.29
DT00023,EQ0003,2024-11-07,2024-11-07 02:00:00,2024-11-08 23:37:12,45.62,Hydraulic,Boom,Root cause analysis: Design flaw,Reactive,33511.2
DT00024,EQ0003,2024-10-30,2024-10-30 05:00:00,2024-10-31 11:10:12,30.17,Structural,Hydraulic Pump,Root cause analysis: Operator error,Preventive,21312.09
DT00025,EQ0004,2023-12-23,2023-12-23 05:00:00,2023-12-25 02:05:24,45.09,Engine,Boom,Root cause analysis: Wear and tear,Preventive,15541.81
DT00026,EQ0004,2024-03-06,2024-03-06 06:00:00,2024-03-07 14:05:24,32.09,Engine,Undercarriage,Root cause analysis: Material fatigue,Preventive,33943.55
DT00027,EQ0004,2025-11-12,2025-11-12 03:00:00,2025-11-13 14:07:12,35.12,Mechanical,Brake System,Root cause analysis: External damage,Preventive,33360.76
DT00028,EQ0004,2024-11-17,2024-11-17 04:00:00,2024-11-17 12:32:24,8.54,Hydraulic,Alternator,Root cause analysis: Operator error,Reactive,7794.02
DT00029,EQ0004,2023-04-05,2023-04-05 08:00:00,2023-04-06 03:08:24,19.14,Structural,Transmission,Root cause analysis: Material fatigue,Reactive,21014.83
DT00030,EQ0004,2024-02-03,2024-02-03 07:00:00,2024-02-05 11:16:48,52.28,Engine,Fuel System,Root cause analysis: Operator error,Reactive,7804.78
DT00031,EQ0004,2023-01-12,2023-01-12 02:00:00,2023-01-14 18:29:24,64.49,Engine,Alternator,Root cause analysis: Operator error,Preventive,40303.44
DT00032,EQ0004,2025-11-26,2025-11-26 04:00:00,2025-11-27 14:31:12,34.52,Mechanical,Undercarriage,Root cause analysis: Operator error,Preventive,40170.12
DT00033,EQ0004,2025-12-23,2025-12-23 06:00:00,2025-12-26 05:09:00,71.15,Engine,Bucket,Root cause analysis: External damage,Reactive,21623.67
DT00034,EQ0004,2025-07-02,2025-07-02 08:00:00,2025-07-05 00:48:00,64.8,Engine,Brake System,Root cause analysis: Operator error,Reactive,42073.21
DT00035,EQ0004,2024-07-21,2024-07-21 08:00:00,2024-07-23 15:36:36,55.61,Electrical,Brake System,Root cause analysis: Material fatigue,Reactive,4335.43
DT00036,EQ0004,2024-08-08,2024-08-08 06:00:00,2024-08-09 00:24:36,18.41,Hydraulic,Boom,Root cause analysis: Wear and tear,Reactive,7349.52
DT00037,EQ0004,2024-04-18,2024-04-18 03:00:00,2024-04-19 07:48:36,28.81,Electrical,Transmission,Root cause analysis: Material fatigue,Preventive,20676.17
DT00038,EQ0004,2025-08-12,2025-08-12 04:00:00,2025-08-13 11:06:00,31.1,Engine,Fuel System,Root cause analysis: External damage,Preventive,47330.07
DT00039,EQ0004,2023-02-10,2023-02-10 07:00:00,2023-02-12 20:58:12,61.97,Engine,Engine,Root cause analysis: Design flaw,Preventive,15281.33
DT00040,EQ0004,2025-03-09,2025-03-09 07:00:00,2025-03-11 20:44:24,61.74,Structural,Boom,Root cause analysis: External damage,Reactive,44941.66
DT00041,EQ0004,2025-09-26,2025-09-26 07:00:00,2025-09-27 00:21:36,17.36,Engine,Engine,Root cause analysis: Material fatigue,Reactive,17138.41
DT00042,EQ0005,2023-12-05,2023-12-05 03:00:00,2023-12-07 15:50:24,60.84,Structural,Boom,Root cause analysis: Wear and tear,Preventive,45392.98
DT00043,EQ0005,2023-02-25,2023-02-25 07:00:00,2023-02-25 14:52:48,7.88,Electrical,Undercarriage,Root cause analysis: Operator error,Preventive,2989.09
DT00044,EQ0005,2025-02-15,2025-02-15 08:00:00,2025-02-16 08:54:36,24.91,Hydraulic,Cooling System,Root cause analysis: Material fatigue,Reactive,14273.7
DT00045,EQ0005,2025-05-13,2025-05-13 02:00:00,2025-05-13 21:39:36,19.66,Engine,Engine,Root cause analysis: External damage,Preventive,3078.24
DT00046,EQ0005,2024-12-17,2024-12-17 02:00:00,2024-12-17 19:42:00,17.7,Mechanical,Engine,Root cause analysis: Operator error,Reactive,10368.35
DT00047,EQ0005,2023-02-11,2023-02-11 04:00:00,2023-02-13 01:29:24,45.49,Electrical,Undercarriage,Root cause analysis: Wear and tear,Reactive,28416.49
DT00048,EQ0005,2024-03-22,2024-03-22 05:00:00,2024-03-23 15:33:00,34.55,Hydraulic,Hydraulic Pump,Root cause analysis: External damage,Reactive,30558.75
DT00049,EQ0005,2023-08-23,2023-08-23 03:00:00,2023-08-25 11:27:00,56.45,Hydraulic,Transmission,Root cause analysis: External damage,Reactive,1771.08
DT00050,EQ0005,2024-09-30,2024-09-30 07:00:00,2024-10-02 01:18:36,42.31,Engine,Alternator,Root cause analysis: Wear and tear,Reactive,29808.84
DT00051,EQ0005,2024-05-12,2024-05-12 05:00:00,2024-05-12 14:07:48,9.13,Structural,Transmission,Root cause analysis: External damage,Reactive,39240.45
DT00052,EQ0005,2024-12-12,2024-12-12 06:00:00,2024-12-13 21:17:24,39.29,Mechanical,Boom,Root cause analysis: Design flaw,Preventive,1126.28
DT00053,EQ0005,2025-05-10,2025-05-10 02:00:00,2025-05-12 13:33:36,59.56,Engine,Cooling System,Root cause analysis: Material fatigue,Reactive,35511.78
DT00054,EQ0005,2025-06-10,2025-06-10 05:00:00,2025-06-10 19:19:48,14.33,Structural,Boom,Root cause analysis: Material fatigue,Reactive,23511.25
DT00055,EQ0005,2024-07-03,2024-07-03 04:00:00,2024-07-04 04:33:36,24.56,Mechanical,Brake System,Root cause analysis: Material fatigue,Predictive,12571.24
DT00056,EQ0005,2025-08-09,2025-08-09 07:00:00,2025-08-11 00:53:24,41.89,Hydraulic,Engine,Root cause analysis: Material fatigue,Reactive,42622.17
DT00057,EQ0005,2024-01-08,2024-01-08 06:00:00,2024-01-09 18:07:48,36.13,Hydraulic,Cooling System,Root cause analysis: Design flaw,Reactive,44075.84
DT00058,EQ0005,2024-07-19,2024-07-19 04:00:00,2024-07-20 20:54:36,40.91,Mechanical,Alternator,Root cause analysis: Material fatigue,Preventive,24684.6
DT00059,EQ0006,2025-09-02,2025-09-02 08:00:00,2025-09-04 07:12:36,47.21,Engine,Engine,Root cause analysis: Wear and tear,Reactive,15064.66
DT00060,EQ0006,2025-04-08,2025-04-08 05:00:00,2025-04-10 07:25:48,50.43,Structural,Cooling System,Root cause analysis: Material fatigue,Reactive,27896.91
DT00061,EQ0006,2024-12-05,2024-12-05 06:00:00,2024-12-06 13:47:24,31.79,Hydraulic,Undercarriage,Root cause analysis: Design flaw,Reactive,15677.84
DT00062,EQ0006,2024-04-17,2024-04-17 04:00:00,2024-04-17 14:27:00,10.45,Hydraulic,Transmission,Root cause analysis: External damage,Reactive,47568.44
DT00063,EQ0006,2024-01-15,2024-01-15 08:00:00,2024-01-15 23:24:36,15.41,Hydraulic,Bucket,Root cause analysis: External damage,Predictive,30041.14
DT00064,EQ0006,2023-07-25,2023-07-25 05:00:00,2023-07-27 17:16:48,60.28,Electrical,Cooling System,Root cause analysis: Operator error,Preventive,15462.25
DT00065,EQ0006,2025-12-29,2025-12-29 01:00:00,2025-12-29 11:51:36,10.86,Mechanical,Boom,Root cause analysis: Design flaw,Preventive,35022.16
DT00066,EQ0006,2023-09-16,2023-09-16 08:00:00,2023-09-18 06:39:00,46.65,Mechanical,Engine,Root cause analysis: External damage,Preventive,14574.8
DT00067,EQ0006,2025-09-07,2025-09-07 03:00:00,2025-09-08 11:49:48,32.83,Mechanical,Brake System,Root cause analysis: Material fatigue,Preventive,6147.31
DT00068,EQ0006,2023-05-14,2023-05-14 02:00:00,2023-05-15 08:03:00,30.05,Structural,Engine,Root cause analysis: Operator error,Reactive,7885.28
DT00069,EQ0006,2024-09-14,2024-09-14 04:00:00,2024-09-14 11:57:36,7.96,Mechanical,Boom,Root cause analysis: Material fatigue,Preventive,30512.72
DT00070,EQ0006,2024-04-07,2024-04-07 07:00:00,2024-04-09 15:18:00,56.3,Engine,Undercarriage,Root cause analysis: Design flaw,Reactive,43078.25
DT00071,EQ0007,2024-09-17,2024-09-17 01:00:00,2024-09-18 18:48:00,41.8,Structural,Transmission,Root cause analysis: Operator error,Preventive,31462.99
DT00072,EQ0007,2024-06-25,2024-06-25 03:00:00,2024-06-27 03:13:48,48.23,Electrical,Hydraulic Pump,Root cause analysis: External damage,Preventive,4215.71
DT00073,EQ0007,2023-01-06,2023-01-06 08:00:00,2023-01-07 14:36:00,30.6,Hydraulic,Engine,Root cause analysis: Operator error,Reactive,14761.19
DT00074,EQ0007,2024-08-02,2024-08-02 08:00:00,2024-08-04 11:12:36,51.21,Mechanical,Alternator,Root cause analysis: Design flaw,Reactive,39497.49
DT00075,EQ0007,2024-02-10,2024-02-10 04:00:00,2024-02-11 11:45:36,31.76,Electrical,Brake System,Root cause analysis: Operator error,Reactive,4034.79
DT00076,EQ0007,2023-12-06,2023-12-06 05:00:00,2023-12-08 14:28:48,57.48,Engine,Transmission,Root cause analysis: Material fatigue,Reactive,34589.56
DT00077,EQ0007,2025-04-04,2025-04-04 08:00:00,2025-04-07 03:59:24,67.99,Engine,Transmission,Root cause analysis: External damage,Preventive,2473.11
DT00078,EQ0007,2025-06-03,2025-06-03 05:00:00,2025-06-05 10:25:12,53.42,Mechanical,Transmission,Root cause analysis: Operator error,Preventive,48114.6
DT00079,EQ0007,2023-02-12,2023-02-12 05:00:00,2023-02-15 04:58:12,71.97,Structural,Engine,Root cause analysis: Operator error,Reactive,23789.79
DT00080,EQ0007,2025-06-24,2025-06-24 03:00:00,2025-06-26 21:07:48,66.13,Structural,Fuel System,Root cause analysis: Material fatigue,Reactive,48468.23
DT00081,EQ0007,2025-08-20,2025-08-20 06:00:00,2025-08-21 08:21:36,26.36,Hydraulic,Transmission,Root cause analysis: Operator error,Reactive,16825.28
DT00082,EQ0007,2025-10-11,2025-10-11 07:00:00,2025-10-12 05:10:48,22.18,Structural,Engine,Root cause analysis: Material fatigue,Reactive,4858.96
DT00083,EQ0007,2024-05-31,2024-05-31 07:00:00,2024-06-01 07:37:48,24.63,Structural,Engine,Root cause analysis: External damage,Reactive,23367.83
DT00084,EQ0007,2023-04-22,2023-04-22 06:00:00,2023-04-22 21:07:48,15.13,Structural,Undercarriage,Root cause analysis: Material fatigue,Reactive,38119.53
DT00085,EQ0007,2024-02-21,2024-02-21 03:00:00,2024-02-21 23:41:24,20.69,Hydraulic,Undercarriage,Root cause analysis: Material fatigue,Predictive,6510.59
DT00086,EQ0007,2024-05-05,2024-05-05 05:00:00,2024-05-07 08:40:48,51.68,Structural,Engine,Root cause analysis: External damage,Reactive,20695.54
DT00087,EQ0007,2024-04-05,2024-04-05 02:00:00,2024-04-08 01:27:36,71.46,Engine,Transmission,Root cause analysis: Operator error,Reactive,25169.59
DT00088,EQ0007,2024-08-20,2024-08-20 05:00:00,2024-08-21 18:37:12,37.62,Engine,Undercarriage,Root cause analysis: Material fatigue,Preventive,12564.68
DT00089,EQ0008,2025-02-24,2025-02-24 03:00:00,2025-02-24 18:20:24,15.34,Mechanical,Brake System,Root cause analysis: Material fatigue,Reactive,17323.82
DT00090,EQ0008,2025-11-05,2025-11-05 01:00:00,2025-11-05 21:42:00,20.7,Hydraulic,Brake System,Root cause analysis: External damage,Predictive,29206.21
DT00091,EQ0008,2025-09-29,2025-09-29 08:00:00,2025-10-01 22:34:12,62.57,Structural,Undercarriage,Root cause analysis: Design flaw,Predictive,16955.78
DT00092,EQ0008,2025-02-11,2025-02-11 06:00:00,2025-02-12 15:52:12,33.87,Electrical,Alternator,Root cause analysis: External damage,Reactive,19457.06
DT00093,EQ0008,2025-04-21,2025-04-21 08:00:00,2025-04-21 13:03:36,5.06,Engine,Fuel System,Root cause analysis: Operator error,Reactive,25018.77
DT00094,EQ0008,2023-03-17,2023-03-17 06:00:00,2023-03-17 16:50:24,10.84,Mechanical,Undercarriage,Root cause analysis: Wear and tear,Reactive,26534.58
DT00095,EQ0008,2025-07-24,2025-07-24 03:00:00,2025-07-24 06:04:12,3.07,Engine,Hydraulic Pump,Root cause analysis: Wear and tear,Reactive,23739.78
DT00096,EQ0008,2024-06-26,2024-06-26 07:00:00,2024-06-27 08:42:00,25.7,Mechanical,Cooling System,Root cause analysis: External damage,Reactive,19310.47
DT00097,EQ0008,2024-10-10,2024-10-10 08:00:00,2024-10-12 05:52:48,45.88,Structural,Engine,Root cause analysis: External damage,Preventive,3886.83
DT00098,EQ0009,2024-04-10,2024-04-10 07:00:00,2024-04-12 13:16:12,54.27,Mechanical,Transmission,Root cause analysis: Material fatigue,Reactive,8735.06
DT00099,EQ0009,2024-09-05,2024-09-05 01:00:00,2024-09-07 18:14:24,65.24,Hydraulic,Engine,Root cause analysis: Design flaw,Reactive,18243.94
DT00100,EQ0009,2025-06-01,2025-06-01 07:00:00,2025-06-01 19:11:24,12.19,Structural,Hydraulic Pump,Root cause analysis: Operator error,Reactive,9165.93
DT00101,EQ0009,2025-02-22,2025-02-22 04:00:00,2025-02-24 01:22:48,45.38,Engine,Bucket,Root cause analysis: Operator error,Predictive,11993.33
DT00102,EQ0009,2024-06-04,2024-06-04 01:00:00,2024-06-05 11:10:12,34.17,Engine,Brake System,Root cause analysis: External damage,Reactive,8319.79
DT00103,EQ0009,2025-06-23,2025-06-23 05:00:00,2025-06-26 01:10:12,68.17,Engine,Brake System,Root cause analysis: Material fatigue,Reactive,42342.54
DT00104,EQ0009,2024-02-12,2024-02-12 08:00:00,2024-02-15 07:57:36,71.96,Mechanical,Alternator,Root cause analysis: Material fatigue,Reactive,28810.17
DT00105,EQ0009,2024-08-28,2024-08-28 05:00:00,2024-08-31 04:29:24,71.49,Mechanical,Fuel System,Root cause analysis: Design flaw,Predictive,900.85
DT00106,EQ0009,2023-04-11,2023-04-11 08:00:00,2023-04-14 01:44:24,65.74,Hydraulic,Alternator,Root cause analysis: External damage,Reactive,40195.63
DT00107,EQ0009,2024-03-24,2024-03-24 05:00:00,2024-03-26 03:33:36,46.56,Electrical,Transmission,Root cause analysis: Wear and tear,Preventive,15792.18
DT00108,EQ0009,2025-06-21,2025-06-21 06:00:00,2025-06-21 10:20:24,4.34,Electrical,Transmission,Root cause analysis: Design flaw,Preventive,16672.6
DT00109,EQ0009,2025-04-30,2025-04-30 03:00:00,2025-04-30 17:17:24,14.29,Structural,Cooling System,Root cause analysis: External damage,Reactive,25338.84
DT00110,EQ0009,2024-07-12,2024-07-12 05:00:00,2024-07-14 17:07:48,60.13,Engine,Brake System,Root cause analysis: Design flaw,Preventive,40309.51
DT00111,EQ0009,2025-08-17,2025-08-17 03:00:00,2025-08-20 00:24:00,69.4,Electrical,Fuel System,Root cause analysis: External damage,Reactive,18605.86
DT00112,EQ0010,2023-01-29,2023-01-29 02:00:00,2023-01-29 22:30:36,20.51,Engine,Cooling System,Root cause analysis: Design flaw,Preventive,29435.72
DT00113,EQ0010,2025-01-30,2025-01-30 04:00:00,2025-01-30 13:34:48,9.58,Engine,Engine,Root cause analysis: External damage,Preventive,44269.62
DT00114,EQ0010,2024-11-02,2024-11-02 04:00:00,2024-11-04 22:04:12,66.07,Mechanical,Undercarriage,Root cause analysis: Design flaw,Reactive,32637.35
DT00115,EQ0010,2023-08-27,2023-08-27 01:00:00,2023-08-27 12:46:48,11.78,Hydraulic,Undercarriage,Root cause analysis: Wear and tear,Reactive,5311.0
DT00116,EQ0010,2023-10-05,2023-10-05 06:00:00,2023-10-06 11:12:36,29.21,Structural,Fuel System,Root cause analysis: External damage,Preventive,37242.32
DT00117,EQ0010,2023-11-13,2023-11-13 02:00:00,2023-11-15 17:58:48,63.98,Engine,Bucket,Root cause analysis: Material fatigue,Reactive,46983.13
DT00118,EQ0010,2024-07-26,2024-07-26 06:00:00,2024-07-26 10:17:24,4.29,Electrical,Undercarriage,Root cause analysis: Material fatigue,Reactive,47552.48
DT00119,EQ0010,2025-01-12,2025-01-12 06:00:00,2025-01-12 14:57:00,8.95,Structural,Cooling System,Root cause analysis: Wear and tear,Reactive,20207.91
DT00120,EQ0010,2024-01-24,2024-01-24 08:00:00,2024-01-27 05:46:12,69.77,Mechanical,Alternator,Root cause analysis: External damage,Reactive,48569.12
DT00121,EQ0010,2023-04-14,2023-04-14 04:00:00,2023-04-16 13:04:48,57.08,Electrical,Bucket,Root cause analysis: Operator error,Preventive,3896.2
DT00122,EQ0010,2024-02-29,2024-02-29 04:00:00,2024-03-01 23:03:00,43.05,Hydraulic,Hydraulic Pump,Root cause analysis: External damage,Reactive,640.36
DT00123,EQ0010,2023-10-24,2023-10-24 05:00:00,2023-10-27 04:07:48,71.13,Electrical,Transmission,Root cause analysis: Wear and tear,Reactive,7024.26
DT00124,EQ0010,2025-01-03,2025-01-03 04:00:00,2025-01-05 13:18:00,57.3,Structural,Cooling System,Root cause analysis: Wear and tear,Reactive,9125.19
DT00125,EQ0010,2023-04-18,2023-04-18 07:00:00,2023-04-18 17:52:12,10.87,Structural,Transmission,Root cause analysis: Wear and tear,Preventive,24074.18
DT00126,EQ0010,2025-01-11,2025-01-11 02:00:00,2025-01-12 15:55:48,37.93,Engine,Boom,Root cause analysis: Operator error,Reactive,47298.07
DT00127,EQ0010,2023-03-30,2023-03-30 05:00:00,2023-04-01 09:54:36,52.91,Engine,Engine,Root cause analysis: Wear and tear,Preventive,49930.04
DT00128,EQ0010,2025-04-02,2025-04-02 02:00:00,2025-04-03 09:50:24,31.84,Engine,Undercarriage,Root cause analysis: Wear and tear,Reactive,45013.7
DT00129,EQ0011,2023-10-31,2023-10-31 05:00:00,2023-10-31 11:36:00,6.6,Structural,Bucket,Root cause analysis: External damage,Predictive,35751.56
DT00130,EQ0011,2025-02-19,2025-02-19 05:00:00,2025-02-22 04:37:12,71.62,Engine,Boom,Root cause analysis: External damage,Reactive,21794.87
DT00131,EQ0011,2023-08-23,2023-08-23 04:00:00,2023-08-25 17:42:00,61.7,Engine,Undercarriage,Root cause analysis: Operator error,Reactive,20983.77
DT00132,EQ0011,2025-07-17,2025-07-17 02:00:00,2025-07-18 07:54:36,29.91,Hydraulic,Fuel System,Root cause analysis: Design flaw,Reactive,33422.84
DT00133,EQ0011,2025-02-05,2025-02-05 08:00:00,2025-02-08 04:45:00,68.75,Mechanical,Transmission,Root cause analysis: Wear and tear,Predictive,5114.89
DT00134,EQ0011,2023-07-17,2023-07-17 06:00:00,2023-07-19 12:07:12,54.12,Electrical,Boom,Root cause analysis: Wear and tear,Preventive,29530.02
DT00135,EQ0011,2024-11-06,2024-11-06 07:00:00,2024-11-08 07:54:00,48.9,Hydraulic,Fuel System,Root cause analysis: Wear and tear,Reactive,48435.73
DT00136,EQ0011,2024-10-01,2024-10-01 04:00:00,2024-10-02 06:37:12,26.62,Electrical,Undercarriage,Root cause analysis: Operator error,Preventive,42440.1
DT00137,EQ0011,2024-12-18,2024-12-18 06:00:00,2024-12-20 19:10:48,61.18,Mechanical,Brake System,Root cause analysis: External damage,Preventive,11694.88
DT00138,EQ0011,2025-05-28,2025-05-28 01:00:00,2025-05-30 14:09:36,61.16,Structural,Brake System,Root cause analysis: Wear and tear,Reactive,9430.6
DT00139,EQ0011,2024-09-24,2024-09-24 06:00:00,2024-09-27 00:30:36,66.51,Mechanical,Hydraulic Pump,Root cause analysis: Operator error,Reactive,28532.89
DT00140,EQ0011,2025-03-31,2025-03-31 01:00:00,2025-03-31 07:52:12,6.87,Mechanical,Boom,Root cause analysis: Operator error,Reactive,19121.62
DT00141,EQ0011,2025-07-18,2025-07-18 06:00:00,2025-07-19 07:51:36,25.86,Hydraulic,Cooling System,Root cause analysis: External damage,Reactive,30013.08
DT00142,EQ0011,2023-04-18,2023-04-18 01:00:00,2023-04-18 13:53:24,12.89,Mechanical,Brake System,Root cause analysis: Material fatigue,Preventive,33265.97
DT00143,EQ0011,2025-09-21,2025-09-21 07:00:00,2025-09-23 03:30:00,44.5,Hydraulic,Alternator,Root cause analysis: External damage,Predictive,6133.97
DT00144,EQ0012,2023-08-16,2023-08-16 08:00:00,2023-08-17 05:49:48,21.83,Structural,Brake System,Root cause analysis: Wear and tear,Preventive,11415.66
DT00145,EQ0012,2023-04-23,2023-04-23 05:00:00,2023-04-23 07:32:24,2.54,Electrical,Hydraulic Pump,Root cause analysis: Design flaw,Reactive,14827.63
DT00146,EQ0012,2023-09-03,2023-09-03 07:00:00,2023-09-03 09:32:24,2.54,Electrical,Hydraulic Pump,Root cause analysis: Material fatigue,Reactive,26862.83
DT00147,EQ0012,2024-04-16,2024-04-16 06:00:00,2024-04-17 19:01:12,37.02,Mechanical,Fuel System,Root cause analysis: Wear and tear,Preventive,22092.87
DT00148,EQ0012,2025-07-30,2025-07-30 06:00:00,2025-08-02 00:28:48,66.48,Structural,Fuel System,Root cause analysis: External damage,Preventive,20518.93
DT00149,EQ0012,2025-05-05,2025-05-05 07:00:00,2025-05-06 05:16:12,22.27,Mechanical,Cooling System,Root cause analysis: Operator error,Preventive,40165.45
DT00150,EQ0012,2025-07-31,2025-07-31 06:00:00,2025-08-02 18:14:24,60.24,Mechanical,Fuel System,Root cause analysis: Wear and tear,Preventive,12544.17
DT00151,EQ0012,2025-03-31,2025-03-31 07:00:00,2025-04-01 21:40:48,38.68,Hydraulic,Cooling System,Root cause analysis: Operator error,Preventive,16986.9
DT00152,EQ0012,2023-12-11,2023-12-11 02:00:00,2023-12-11 09:21:00,7.35,Structural,Boom,Root cause analysis: Operator error,Reactive,45343.18
DT00153,EQ0012,2024-12-16,2024-12-16 03:00:00,2024-12-17 05:34:48,26.58,Electrical,Transmission,Root cause analysis: Operator error,Reactive,13170.43
DT00154,EQ0012,2023-12-22,2023-12-22 02:00:00,2023-12-23 22:10:12,44.17,Electrical,Undercarriage,Root cause analysis: Material fatigue,Preventive,37845.07
DT00155,EQ0012,2025-07-08,2025-07-08 06:00:00,2025-07-10 07:40:48,49.68,Hydraulic,Hydraulic Pump,Root cause analysis: Material fatigue,Preventive,3880.17
DT00156,EQ0012,2025-06-24,2025-06-24 05:00:00,2025-06-26 03:12:00,46.2,Structural,Engine,Root cause analysis: Design flaw,Reactive,25613.18
DT00157,EQ0012,2024-09-27,2024-09-27 01:00:00,2024-09-28 11:19:12,34.32,Mechanical,Cooling System,Root cause analysis: Design flaw,Reactive,4298.18
DT00158,EQ0012,2023-07-04,2023-07-04 07:00:00,2023-07-06 04:03:00,45.05,Engine,Bucket,Root cause analysis: External damage,Preventive,47734.46
DT00159,EQ0012,2023-03-26,2023-03-26 04:00:00,2023-03-27 13:28:48,33.48,Hydraulic,Bucket,Root cause analysis: Material fatigue,Reactive,25317.68
DT00160,EQ0012,2023-05-07,2023-05-07 06:00:00,2023-05-08 15:32:24,33.54,Mechanical,Boom,Root cause analysis: Operator error,Reactive,2437.54
DT00161,EQ0012,2025-06-15,2025-06-15 03:00:00,2025-06-18 02:22:12,71.37,Hydraulic,Cooling System,Root cause analysis: Design flaw,Reactive,19677.12
DT00162,EQ0013,2023-04-18,2023-04-18 06:00:00,2023-04-20 15:15:00,57.25,Mechanical,Cooling System,Root cause analysis: Wear and tear,Preventive,28119.18
DT00163,EQ0013,2025-03-02,2025-03-02 03:00:00,2025-03-03 00:53:24,21.89,Hydraulic,Transmission,Root cause analysis: External damage,Preventive,33348.8
DT00164,EQ0013,2024-12-17,2024-12-17 07:00:00,2024-12-18 06:43:12,23.72,Electrical,Bucket,Root cause analysis: Wear and tear,Reactive,15824.3
DT00165,EQ0013,2025-02-10,2025-02-10 06:00:00,2025-02-12 05:02:24,47.04,Electrical,Boom,Root cause analysis: Wear and tear,Preventive,32478.23
DT00166,EQ0013,2025-05-17,2025-05-17 01:00:00,2025-05-18 14:35:24,37.59,Hydraulic,Brake System,Root cause analysis: Operator error,Reactive,47582.88
DT00167,EQ0013,2024-11-30,2024-11-30 08:00:00,2024-12-03 04:20:24,68.34,Electrical,Alternator,Root cause analysis: Operator error,Reactive,8169.79
DT00168,EQ0013,2024-08-28,2024-08-28 02:00:00,2024-08-30 15:06:36,61.11,Structural,Boom,Root cause analysis: External damage,Preventive,2368.5
DT00169,EQ0013,2024-11-20,2024-11-20 03:00:00,2024-11-22 18:21:00,63.35,Structural,Fuel System,Root cause analysis: Operator error,Preventive,8531.24
DT00170,EQ0013,2023-12-06,2023-12-06 01:00:00,2023-12-08 05:28:48,52.48,Engine,Cooling System,Root cause analysis: Operator error,Preventive,48494.64
DT00171,EQ0013,2024-08-06,2024-08-06 08:00:00,2024-08-08 14:40:12,54.67,Electrical,Boom,Root cause analysis: Operator error,Preventive,15818.66
DT00172,EQ0013,2025-08-18,2025-08-18 04:00:00,2025-08-20 21:16:48,65.28,Hydraulic,Bucket,Root cause analysis: Material fatigue,Reactive,23353.16
DT00173,EQ0013,2024-07-31,2024-07-31 07:00:00,2024-08-02 15:28:12,56.47,Electrical,Alternator,Root cause analysis: External damage,Reactive,7350.73
DT00174,EQ0013,2024-05-27,2024-05-27 08:00:00,2024-05-27 13:39:00,5.65,Hydraulic,Boom,Root cause analysis: Wear and tear,Reactive,35714.35
DT00175,EQ0013,2025-11-22,2025-11-22 05:00:00,2025-11-24 18:34:48,61.58,Mechanical,Hydraulic Pump,Root cause analysis: Design flaw,Reactive,22741.3
DT00176,EQ0013,2025-11-17,2025-11-17 07:00:00,2025-11-17 19:18:36,12.31,Mechanical,Alternator,Root cause analysis: Material fatigue,Reactive,44289.17
DT00177,EQ0014,2025-04-29,2025-04-29 06:00:00,2025-04-29 11:43:48,5.73,Electrical,Fuel System,Root cause analysis: Wear and tear,Predictive,19058.18
DT00178,EQ0014,2023-02-27,2023-02-27 02:00:00,2023-02-28 02:18:36,24.31,Hydraulic,Hydraulic Pump,Root cause analysis: Operator error,Reactive,2396.01
DT00179,EQ0014,2025-08-25,2025-08-25 03:00:00,2025-08-27 05:43:48,50.73,Engine,Undercarriage,Root cause analysis: External damage,Preventive,759.93
DT00180,EQ0014,2023-06-12,2023-06-12 04:00:00,2023-06-12 07:19:48,3.33,Electrical,Boom,Root cause analysis: External damage,Preventive,26624.69
DT00181,EQ0014,2023-08-16,2023-08-16 04:00:00,2023-08-18 12:19:48,56.33,Hydraulic,Transmission,Root cause analysis: Wear and tear,Preventive,12302.76
DT00182,EQ0015,2023-05-09,2023-05-09 08:00:00,2023-05-09 17:45:36,9.76,Structural,Boom,Root cause analysis: Wear and tear,Reactive,31781.77
DT00183,EQ0015,2024-05-10,2024-05-10 05:00:00,2024-05-12 09:18:00,52.3,Engine,Engine,Root cause analysis: External damage,Reactive,17964.39
DT00184,EQ0015,2025-05-03,2025-05-03 02:00:00,2025-05-03 17:06:36,15.11,Structural,Cooling System,Root cause analysis: Wear and tear,Reactive,47693.48
DT00185,EQ0015,2025-11-05,2025-11-05 01:00:00,2025-11-07 10:03:00,57.05,Engine,Undercarriage,Root cause analysis: Wear and tear,Reactive,31965.7
DT00186,EQ0015,2025-02-03,2025-02-03 01:00:00,2025-02-03 20:45:36,19.76,Hydraulic,Transmission,Root cause analysis: Design flaw,Preventive,12435.73
DT00187,EQ0015,2023-08-01,2023-08-01 06:00:00,2023-08-03 14:00:36,56.01,Electrical,Engine,Root cause analysis: Design flaw,Reactive,27527.68
DT00188,EQ0015,2023-12-25,2023-12-25 08:00:00,2023-12-27 20:07:48,60.13,Engine,Hydraulic Pump,Root cause analysis: Operator error,Reactive,3623.48
DT00189,EQ0015,2025-07-26,2025-07-26 04:00:00,2025-07-26 08:35:24,4.59,Mechanical,Alternator,Root cause analysis: Wear and tear,Preventive,16121.99
DT00190,EQ0015,2024-09-27,2024-09-27 08:00:00,2024-09-28 22:04:48,38.08,Hydraulic,Engine,Root cause analysis: Operator error,Reactive,14662.49
DT00191,EQ0015,2023-04-08,2023-04-08 06:00:00,2023-04-10 20:36:36,62.61,Hydraulic,Transmission,Root cause analysis: Design flaw,Predictive,22129.09
DT00192,EQ0015,2025-03-30,2025-03-30 07:00:00,2025-04-01 13:01:48,54.03,Hydraulic,Hydraulic Pump,Root cause analysis: Material fatigue,Predictive,34757.39
DT00193,EQ0015,2025-01-22,2025-01-22 05:00:00,2025-01-24 23:42:00,66.7,Mechanical,Fuel System,Root cause analysis: Wear and tear,Predictive,21815.05
DT00194,EQ0015,2024-01-05,2024-01-05 06:00:00,2024-01-06 22:10:48,40.18,Mechanical,Transmission,Root cause analysis: Design flaw,Reactive,33215.5
DT00195,EQ0015,2024-09-19,2024-09-19 07:00:00,2024-09-20 16:12:36,33.21,Electrical,Undercarriage,Root cause analysis: Design flaw,Reactive,22632.92
DT00196,EQ0015,2024-12-23,2024-12-23 07:00:00,2024-12-25 04:02:24,45.04,Hydraulic,Engine,Root cause analysis: Wear and tear,Predictive,33723.6
DT00197,EQ0015,2025-04-11,2025-04-11 03:00:00,2025-04-12 06:25:48,27.43,Mechanical,Hydraulic Pump,Root cause analysis: External damage,Reactive,34065.4
DT00198,EQ0015,2025-06-16,2025-06-16 02:00:00,2025-06-16 06:26:24,4.44,Electrical,Cooling System,Root cause analysis: Design flaw,Predictive,19451.29
DT00199,EQ0015,2023-03-08,2023-03-08 08:00:00,2023-03-10 04:21:36,44.36,Hydraulic,Cooling System,Root cause analysis: Material fatigue,Predictive,38272.68
DT00200,EQ0015,2023-10-09,2023-10-09 07:00:00,2023-10-10 22:03:36,39.06,Hydraulic,Brake System,Root cause analysis: Operator error,Preventive,48045.74
DT00201,EQ0016,2024-01-17,2024-01-17 07:00:00,2024-01-18 19:55:48,36.93,Structural,Transmission,Root cause analysis: Design flaw,Reactive,38860.74
DT00202,EQ0016,2025-07-02,2025-07-02 05:00:00,2025-07-02 22:01:12,17.02,Engine,Alternator,Root cause analysis: Wear and tear,Reactive,7218.56
DT00203,EQ0016,2023-06-01,2023-06-01 08:00:00,2023-06-02 17:38:24,33.64,Mechanical,Cooling System,Root cause analysis: Design flaw,Preventive,35622.25
DT00204,EQ0016,2024-08-17,2024-08-17 03:00:00,2024-08-19 19:23:24,64.39,Electrical,Cooling System,Root cause analysis: External damage,Reactive,11599.96
DT00205,EQ0016,2024-02-16,2024-02-16 04:00:00,2024-02-18 13:26:24,57.44,Engine,Engine,Root cause analysis: Design flaw,Reactive,27924.06
DT00206,EQ0017,2025-08-15,2025-08-15 03:00:00,2025-08-17 13:15:36,58.26,Structural,Transmission,Root cause analysis: Wear and tear,Reactive,15809.89
DT00207,EQ0017,2025-09-07,2025-09-07 07:00:00,2025-09-08 21:48:00,38.8,Structural,Transmission,Root cause analysis: Operator error,Predictive,48632.8
DT00208,EQ0017,2023-06-01,2023-06-01 06:00:00,2023-06-02 15:30:00,33.5,Electrical,Boom,Root cause analysis: External damage,Preventive,9507.18
DT00209,EQ0017,2023-09-22,2023-09-22 01:00:00,2023-09-23 09:16:48,32.28,Mechanical,Boom,Root cause analysis: Operator error,Reactive,15554.16
DT00210,EQ0017,2023-11-28,2023-11-28 04:00:00,2023-11-29 04:35:24,24.59,Hydraulic,Boom,Root cause analysis: Design flaw,Reactive,42373.72
DT00211,EQ0017,2024-05-28,2024-05-28 05:00:00,2024-05-28 20:44:24,15.74,Electrical,Brake System,Root cause analysis: External damage,Preventive,26907.16
DT00212,EQ0017,2025-10-26,2025-10-26 03:00:00,2025-10-28 01:52:12,46.87,Electrical,Bucket,Root cause analysis: External damage,Predictive,17212.17
DT00213,EQ0017,2023-03-26,2023-03-26 01:00:00,2023-03-28 12:46:12,59.77,Mechanical,Engine,Root cause analysis: External damage,Reactive,13600.47
DT00214,EQ0017,2024-03-07,2024-03-07 07:00:00,2024-03-09 14:41:24,55.69,Structural,Engine,Root cause analysis: Material fatigue,Reactive,44505.35
DT00215,EQ0017,2024-08-16,2024-08-16 05:00:00,2024-08-18 03:55:48,46.93,Engine,Alternator,Root cause analysis: Material fatigue,Preventive,15222.98
DT00216,EQ0017,2023-05-30,2023-05-30 03:00:00,2023-06-01 05:12:00,50.2,Engine,Fuel System,Root cause analysis: Material fatigue,Preventive,23489.89
DT00217,EQ0017,2024-11-27,2024-11-27 06:00:00,2024-11-29 02:28:12,44.47,Hydraulic,Cooling System,Root cause analysis: Material fatigue,Preventive,6972.92
DT00218,EQ0017,2025-01-28,2025-01-28 02:00:00,2025-01-29 16:03:00,38.05,Hydraulic,Alternator,Root cause analysis: Material fatigue,Preventive,6564.83
DT00219,EQ0017,2025-07-09,2025-07-09 02:00:00,2025-07-09 21:21:00,19.35,Mechanical,Brake System,Root cause analysis: Material fatigue,Reactive,43276.11
DT00220,EQ0017,2025-05-06,2025-05-06 03:00:00,2025-05-06 22:22:48,19.38,Hydraulic,Bucket,Root cause analysis: Design flaw,Reactive,9896.79
DT00221,EQ0017,2023-11-23,2023-11-23 08:00:00,2023-11-24 20:52:48,36.88,Engine,Brake System,Root cause analysis: Material fatigue,Preventive,1647.23
DT00222,EQ0018,2025-11-01,2025-11-01 04:00:00,2025-11-02 14:00:36,34.01,Electrical,Bucket,Root cause analysis: Design flaw,Preventive,2908.58
DT00223,EQ0018,2024-07-30,2024-07-30 08:00:00,2024-07-31 20:38:24,36.64,Hydraulic,Boom,Root cause analysis: Wear and tear,Preventive,42435.03
DT00224,EQ0018,2025-06-01,2025-06-01 05:00:00,2025-06-01 16:22:48,11.38,Hydraulic,Fuel System,Root cause analysis: Design flaw,Predictive,2739.5
DT00225,EQ0018,2023-04-15,2023-04-15 04:00:00,2023-04-16 21:55:12,41.92,Hydraulic,Boom,Root cause analysis: Design flaw,Reactive,4139.82
DT00226,EQ0018,2025-10-29,2025-10-29 05:00:00,2025-10-30 14:31:12,33.52,Structural,Bucket,Root cause analysis: Wear and tear,Reactive,6868.84
DT00227,EQ0018,2023-07-18,2023-07-18 06:00:00,2023-07-19 11:34:12,29.57,Structural,Cooling System,Root cause analysis: Operator error,Preventive,10353.37
DT00228,EQ0018,2025-11-08,2025-11-08 01:00:00,2025-11-09 07:06:00,30.1,Mechanical,Engine,Root cause analysis: Operator error,Preventive,35822.8
DT00229,EQ0018,2025-08-28,2025-08-28 03:00:00,2025-08-29 17:21:00,38.35,Structural,Boom,Root cause analysis: Operator error,Preventive,16734.31
DT00230,EQ0018,2024-10-14,2024-10-14 05:00:00,2024-10-14 18:22:48,13.38,Structural,Cooling System,Root cause analysis: External damage,Preventive,41500.32
DT00231,EQ0018,2025-12-26,2025-12-26 05:00:00,2025-12-27 17:17:24,36.29,Engine,Engine,Root cause analysis: Design flaw,Preventive,16896.36
DT00232,EQ0018,2023-08-13,2023-08-13 05:00:00,2023-08-16 03:35:24,70.59,Mechanical,Bucket,Root cause analysis: Material fatigue,Reactive,13643.76
DT00233,EQ0018,2024-04-11,2024-04-11 08:00:00,2024-04-13 12:30:00,52.5,Electrical,Boom,Root cause analysis: External damage,Reactive,38843.0
DT00234,EQ0018,2025-02-17,2025-02-17 04:00:00,2025-02-17 16:20:24,12.34,Mechanical,Bucket,Root cause analysis: Wear and tear,Reactive,9943.82
DT00235,EQ0018,2025-06-22,2025-06-22 03:00:00,2025-06-23 02:57:36,23.96,Engine,Alternator,Root cause analysis: Material fatigue,Reactive,25340.07
DT00236,EQ0018,2025-08-23,2025-08-23 01:00:00,2025-08-25 16:06:00,63.1,Electrical,Boom,Root cause analysis: Operator error,Reactive,28263.9
DT00237,EQ0018,2025-09-06,2025-09-06 06:00:00,2025-09-07 20:46:48,38.78,Electrical,Undercarriage,Root cause analysis: External damage,Reactive,17445.19
DT00238,EQ0018,2024-12-26,2024-12-26 05:00:00,2024-12-28 06:18:36,49.31,Structural,Undercarriage,Root cause analysis: Operator error,Reactive,47888.2
DT00239,EQ0019,2024-09-03,2024-09-03 05:00:00,2024-09-03 22:44:24,17.74,Hydraulic,Alternator,Root cause analysis: Material fatigue,Reactive,16193.52
DT00240,EQ0019,2024-12-15,2024-12-15 05:00:00,2024-12-16 22:13:48,41.23,Hydraulic,Transmission,Root cause analysis: External damage,Reactive,33992.8
DT00241,EQ0019,2025-02-16,2025-02-16 07:00:00,2025-02-18 23:42:00,64.7,Hydraulic,Hydraulic Pump,Root cause analysis: Design flaw,Reactive,2582.29
DT00242,EQ0019,2023-06-11,2023-06-11 08:00:00,2023-06-12 10:15:00,26.25,Hydraulic,Undercarriage,Root cause analysis: Operator error,Reactive,10502.37
DT00243,EQ0019,2024-07-09,2024-07-09 05:00:00,2024-07-12 00:18:36,67.31,Electrical,Transmission,Root cause analysis: External damage,Preventive,37174.1
DT00244,EQ0019,2024-05-05,2024-05-05 04:00:00,2024-05-05 22:58:12,18.97,Electrical,Engine,Root cause analysis: Wear and tear,Reactive,20958.42
DT00245,EQ0019,2025-08-25,2025-08-25 03:00:00,2025-08-25 12:02:24,9.04,Mechanical,Boom,Root cause analysis: Operator error,Reactive,20641.92
DT00246,EQ0019,2025-09-01,2025-09-01 04:00:00,2025-09-02 15:25:12,35.42,Hydraulic,Cooling System,Root cause analysis: Design flaw,Reactive,32471.95
DT00247,EQ0019,2023-07-03,2023-07-03 04:00:00,2023-07-05 03:39:36,47.66,Structural,Engine,Root cause analysis: Operator error,Preventive,21185.31
DT00248,EQ0019,2023-12-27,2023-12-27 01:00:00,2023-12-29 20:22:12,67.37,Engine,Undercarriage,Root cause analysis: Operator error,Reactive,46862.13
DT00249,EQ0019,2024-08-15,2024-08-15 01:00:00,2024-08-17 16:22:12,63.37,Hydraulic,Bucket,Root cause analysis: External damage,Preventive,5811.38
DT00250,EQ0019,2024-11-17,2024-11-17 08:00:00,2024-11-18 05:55:12,21.92,Electrical,Boom,Root cause analysis: Material fatigue,Reactive,14005.44
DT00251,EQ0019,2023-08-19,2023-08-19 08:00:00,2023-08-20 09:09:00,25.15,Hydraulic,Hydraulic Pump,Root cause analysis: Wear and tear,Reactive,36962.59
DT00252,EQ0020,2024-01-31,2024-01-31 07:00:00,2024-01-31 21:16:48,14.28,Engine,Boom,Root cause analysis: Design flaw,Reactive,4793.52
DT00253,EQ0020,2023-07-15,2023-07-15 03:00:00,2023-07-15 17:55:48,14.93,Engine,Cooling System,Root cause analysis: Operator error,Reactive,838.09
DT00254,EQ0020,2025-02-24,2025-02-24 05:00:00,2025-02-24 23:29:24,18.49,Hydraulic,Brake System,Root cause analysis: External damage,Preventive,36282.69
DT00255,EQ0020,2023-01-24,2023-01-24 06:00:00,2023-01-25 02:18:36,20.31,Electrical,Engine,Root cause analysis: Wear and tear,Preventive,23537.05
DT00256,EQ0020,2023-11-24,2023-11-24 05:00:00,2023-11-25 11:22:48,30.38,Mechanical,Brake System,Root cause analysis: Design flaw,Predictive,30923.96
DT00257,EQ0020,2024-03-24,2024-03-24 08:00:00,2024-03-27 05:01:12,69.02,Electrical,Undercarriage,Root cause analysis: External damage,Reactive,18994.43
DT00258,EQ0020,2025-08-22,2025-08-22 04:00:00,2025-08-24 11:00:36,55.01,Electrical,Bucket,Root cause analysis: Wear and tear,Reactive,26512.58
DT00259,EQ0020,2025-12-17,2025-12-17 02:00:00,2025-12-19 05:15:36,51.26,Structural,Transmission,Root cause analysis: Wear and tear,Preventive,41524.32
DT00260,EQ0020,2025-11-01,2025-11-01 03:00:00,2025-11-01 19:09:00,16.15,Electrical,Cooling System,Root cause analysis: External damage,Reactive,22371.11
DT00261,EQ0020,2024-02-25,2024-02-25 08:00:00,2024-02-27 12:10:48,52.18,Mechanical,Boom,Root cause analysis: Material fatigue,Reactive,40530.26
DT00262,EQ0020,2025-07-17,2025-07-17 07:00:00,2025-07-17 18:14:24,11.24,Engine,Bucket,Root cause analysis: Wear and tear,Reactive,28160.46
DT00263,EQ0020,2024-09-23,2024-09-23 07:00:00,2024-09-25 11:37:48,52.63,Hydraulic,Engine,Root cause analysis: Operator error,Reactive,29126.41
DT00264,EQ0020,2023-04-03,2023-04-03 02:00:00,2023-04-04 09:39:36,31.66,Structural,Engine,Root cause analysis: Wear and tear,Predictive,49313.79
DT00265,EQ0020,2025-08-24,2025-08-24 07:00:00,2025-08-24 11:13:12,4.22,Electrical,Hydraulic Pump,Root cause analysis: Material fatigue,Preventive,19035.82
DT00266,EQ0021,2025-07-07,2025-07-07 07:00:00,2025-07-09 21:52:12,62.87,Engine,Transmission,Root cause analysis: External damage,Preventive,7083.0
DT00267,EQ0021,2024-12-13,2024-12-13 07:00:00,2024-12-13 17:18:00,10.3,Structural,Hydraulic Pump,Root cause analysis: Operator error,Reactive,41823.67
DT00268,EQ0021,2023-02-16,2023-02-16 08:00:00,2023-02-19 06:29:24,70.49,Structural,Fuel System,Root cause analysis: External damage,Reactive,19274.19
DT00269,EQ0021,2024-04-15,2024-04-15 06:00:00,2024-04-16 01:19:48,19.33,Electrical,Brake System,Root cause analysis: Operator error,Reactive,46901.81
DT00270,EQ0021,2023-08-20,2023-08-20 07:00:00,2023-08-20 11:15:36,4.26,Structural,Engine,Root cause analysis: Operator error,Reactive,10701.04
DT00271,EQ0021,2023-07-26,2023-07-26 08:00:00,2023-07-28 03:34:48,43.58,Structural,Engine,Root cause analysis: Operator error,Reactive,37156.78
DT00272,EQ0021,2025-04-03,2025-04-03 04:00:00,2025-04-04 12:43:48,32.73,Mechanical,Hydraulic Pump,Root cause analysis: External damage,Preventive,49677.43
DT00273,EQ0021,2024-04-24,2024-04-24 06:00:00,2024-04-26 17:06:36,59.11,Structural,Bucket,Root cause analysis: Design flaw,Preventive,12226.75
DT00274,EQ0021,2023-10-21,2023-10-21 04:00:00,2023-10-24 03:00:00,71.0,Engine,Brake System,Root cause analysis: Design flaw,Reactive,3517.4
DT00275,EQ0021,2023-12-25,2023-12-25 07:00:00,2023-12-27 04:49:12,45.82,Structural,Undercarriage,Root cause analysis: Wear and tear,Predictive,48628.37
DT00276,EQ0021,2025-02-19,2025-02-19 06:00:00,2025-02-21 15:00:36,57.01,Engine,Fuel System,Root cause analysis: Operator error,Preventive,15344.48
DT00277,EQ0021,2024-01-12,2024-01-12 08:00:00,2024-01-14 14:48:36,54.81,Electrical,Alternator,Root cause analysis: Design flaw,Reactive,42948.29
DT00278,EQ0021,2023-10-23,2023-10-23 01:00:00,2023-10-25 11:24:00,58.4,Structural,Fuel System,Root cause analysis: Material fatigue,Preventive,28085.69
DT00279,EQ0021,2023-10-02,2023-10-02 05:00:00,2023-10-03 10:11:24,29.19,Electrical,Cooling System,Root cause analysis: Wear and tear,Reactive,46150.19
DT00280,EQ0021,2025-01-29,2025-01-29 04:00:00,2025-01-29 12:28:12,8.47,Mechanical,Brake System,Root cause analysis: Material fatigue,Reactive,33846.76
DT00281,EQ0021,2023-03-22,2023-03-22 04:00:00,2023-03-24 19:09:00,63.15,Structural,Boom,Root cause analysis: Operator error,Reactive,24230.01
DT00282,EQ0021,2024-11-12,2024-11-12 01:00:00,2024-11-13 00:13:12,23.22,Electrical,Alternator,Root cause analysis: Wear and tear,Preventive,37470.52
DT00283,EQ0022,2024-05-11,2024-05-11 04:00:00,2024-05-13 06:41:24,50.69,Engine,Alternator,Root cause analysis: External damage,Reactive,16419.94
DT00284,EQ0022,2024-08-02,2024-08-02 06:00:00,2024-08-03 10:39:00,28.65,Hydraulic,Brake System,Root cause analysis: Design flaw,Reactive,25884.42
DT00285,EQ0022,2025-10-15,2025-10-15 08:00:00,2025-10-16 18:37:12,34.62,Hydraulic,Alternator,Root cause analysis: Design flaw,Reactive,15989.64
DT00286,EQ0022,2023-04-04,2023-04-04 04:00:00,2023-04-05 21:22:48,41.38,Electrical,Engine,Root cause analysis: Design flaw,Reactive,27888.92
DT00287,EQ0022,2025-05-05,2025-05-05 04:00:00,2025-05-06 02:39:36,22.66,Hydraulic,Alternator,Root cause analysis: Material fatigue,Preventive,28704.58
DT00288,EQ0022,2024-05-18,2024-05-18 06:00:00,2024-05-19 18:57:00,36.95,Hydraulic,Undercarriage,Root cause analysis: Material fatigue,Preventive,23311.04
DT00289,EQ0022,2024-12-22,2024-12-22 08:00:00,2024-12-22 21:51:00,13.85,Electrical,Boom,Root cause analysis: Wear and tear,Reactive,26435.25
DT00290,EQ0022,2023-06-02,2023-06-02 01:00:00,2023-06-04 21:09:36,68.16,Mechanical,Fuel System,Root cause analysis: Operator error,Reactive,42205.96
DT00291,EQ0022,2024-04-18,2024-04-18 03:00:00,2024-04-18 09:45:36,6.76,Mechanical,Alternator,Root cause analysis: External damage,Reactive,23072.48
DT00292,EQ0022,2023-05-04,2023-05-04 08:00:00,2023-05-06 05:15:00,45.25,Engine,Engine,Root cause analysis: Wear and tear,Reactive,26844.52
DT00293,EQ0022,2025-04-22,2025-04-22 05:00:00,2025-04-22 07:49:48,2.83,Structural,Brake System,Root cause analysis: Wear and tear,Reactive,25359.69
DT00294,EQ0022,2025-05-31,2025-05-31 03:00:00,2025-06-02 13:25:48,58.43,Mechanical,Transmission,Root cause analysis: External damage,Reactive,7870.43
DT00295,EQ0022,2024-01-29,2024-01-29 05:00:00,2024-01-31 02:22:48,45.38,Hydraulic,Brake System,Root cause analysis: Material fatigue,Reactive,4411.45
DT00296,EQ0022,2025-04-11,2025-04-11 04:00:00,2025-04-12 14:07:48,34.13,Electrical,Brake System,Root cause analysis: Wear and tear,Preventive,32859.92
DT00297,EQ0022,2023-03-06,2023-03-06 07:00:00,2023-03-06 15:33:00,8.55,Engine,Boom,Root cause analysis: Material fatigue,Preventive,3277.69
DT00298,EQ0022,2023-01-20,2023-01-20 02:00:00,2023-01-22 05:12:00,51.2,Engine,Fuel System,Root cause analysis: Design flaw,Reactive,28509.9
DT00299,EQ0022,2023-07-15,2023-07-15 01:00:00,2023-07-17 17:38:24,64.64,Electrical,Alternator,Root cause analysis: External damage,Reactive,24037.26
DT00300,EQ0022,2023-04-06,2023-04-06 05:00:00,2023-04-08 23:41:24,66.69,Structural,Bucket,Root cause analysis: Wear and tear,Preventive,9378.05
DT00301,EQ0022,2024-10-06,2024-10-06 04:00:00,2024-10-06 07:06:00,3.1,Structural,Hydraulic Pump,Root cause analysis: Material fatigue,Reactive,46479.31
DT00302,EQ0022,2024-09-04,2024-09-04 04:00:00,2024-09-04 17:22:12,13.37,Structural,Fuel System,Root cause analysis: External damage,Preventive,16920.63
DT00303,EQ0023,2023-06-10,2023-06-10 06:00:00,2023-06-11 19:03:36,37.06,Mechanical,Transmission,Root cause analysis: Material fatigue,Preventive,11991.13
DT00304,EQ0023,2023-06-05,2023-06-05 07:00:00,2023-06-06 08:50:24,25.84,Hydraulic,Engine,Root cause analysis: Design flaw,Reactive,39285.63
DT00305,EQ0023,2025-07-11,2025-07-11 06:00:00,2025-07-12 18:20:24,36.34,Structural,Fuel System,Root cause analysis: Material fatigue,Reactive,9694.02
DT00306,EQ0023,2025-02-17,2025-02-17 05:00:00,2025-02-17 13:00:00,8.0,Electrical,Transmission,Root cause analysis: Wear and tear,Preventive,13764.62
DT00307,EQ0023,2025-02-17,2025-02-17 03:00:00,2025-02-19 06:49:12,51.82,Engine,Cooling System,Root cause analysis: Design flaw,Reactive,5774.27
DT00308,EQ0023,2023-01-11,2023-01-11 08:00:00,2023-01-14 04:00:36,68.01,Hydraulic,Brake System,Root cause analysis: Wear and tear,Reactive,7059.1
DT00309,EQ0023,2024-01-19,2024-01-19 07:00:00,2024-01-20 15:10:12,32.17,Mechanical,Engine,Root cause analysis: Wear and tear,Predictive,18018.76
DT00310,EQ0023,2023-07-10,2023-07-10 06:00:00,2023-07-12 01:46:48,43.78,Engine,Engine,Root cause analysis: Design flaw,Reactive,20983.6
DT00311,EQ0023,2023-06-23,2023-06-23 04:00:00,2023-06-25 08:44:24,52.74,Structural,Boom,Root cause analysis: Operator error,Reactive,34423.14
DT00312,EQ0024,2023-10-12,2023-10-12 05:00:00,2023-10-13 01:49:12,20.82,Engine,Hydraulic Pump,Root cause analysis: Wear and tear,Preventive,8776.77
DT00313,EQ0024,2024-07-19,2024-07-19 08:00:00,2024-07-20 15:28:48,31.48,Mechanical,Cooling System,Root cause analysis: Design flaw,Reactive,47239.0
DT00314,EQ0024,2025-10-12,2025-10-12 04:00:00,2025-10-13 23:34:12,43.57,Engine,Transmission,Root cause analysis: Operator error,Reactive,15580.57
DT00315,EQ0024,2025-03-21,2025-03-21 07:00:00,2025-03-22 08:15:36,25.26,Hydraulic,Undercarriage,Root cause analysis: Design flaw,Predictive,21815.5
DT00316,EQ0024,2023-10-06,2023-10-06 04:00:00,2023-10-07 03:01:48,23.03,Engine,Cooling System,Root cause analysis: Operator error,Reactive,48246.44
DT00317,EQ0024,2024-10-15,2024-10-15 08:00:00,2024-10-16 06:24:00,22.4,Structural,Alternator,Root cause analysis: Design flaw,Predictive,19114.74
DT00318,EQ0024,2025-03-15,2025-03-15 04:00:00,2025-03-16 07:33:00,27.55,Structural,Boom,Root cause analysis: Operator error,Predictive,34244.78
DT00319,EQ0024,2023-02-25,2023-02-25 08:00:00,2023-02-28 04:42:36,68.71,Electrical,Undercarriage,Root cause analysis: Design flaw,Reactive,41648.45
DT00320,EQ0024,2023-05-22,2023-05-22 07:00:00,2023-05-24 18:19:48,59.33,Engine,Hydraulic Pump,Root cause analysis: Design flaw,Reactive,12480.05
DT00321,EQ0024,2023-11-12,2023-11-12 07:00:00,2023-11-14 11:04:12,52.07,Mechanical,Undercarriage,Root cause analysis: External damage,Reactive,24222.12
DT00322,EQ0025,2025-12-30,2025-12-30 07:00:00,2025-12-31 20:27:36,37.46,Structural,Engine,Root cause analysis: Design flaw,Reactive,35230.9
DT00323,EQ0025,2023-06-24,2023-06-24 04:00:00,2023-06-24 13:39:36,9.66,Hydraulic,Hydraulic Pump,Root cause analysis: External damage,Reactive,2692.69
DT00324,EQ0025,2025-03-29,2025-03-29 06:00:00,2025-04-01 03:40:48,69.68,Engine,Transmission,Root cause analysis: Wear and tear,Preventive,5381.02
DT00325,EQ0025,2024-03-30,2024-03-30 04:00:00,2024-03-31 17:45:00,37.75,Engine,Cooling System,Root cause analysis: Material fatigue,Reactive,23421.63
DT00326,EQ0025,2025-10-21,2025-10-21 01:00:00,2025-10-21 13:33:00,12.55,Engine,Transmission,Root cause analysis: Design flaw,Reactive,21090.78
DT00327,EQ0025,2023-06-25,2023-06-25 03:00:00,2023-06-25 13:07:12,10.12,Hydraulic,Brake System,Root cause analysis: Design flaw,Preventive,23038.97
DT00328,EQ0025,2024-02-28,2024-02-28 06:00:00,2024-02-29 20:28:48,38.48,Engine,Transmission,Root cause analysis: Material fatigue,Reactive,36238.7
DT00329,EQ0025,2025-07-15,2025-07-15 05:00:00,2025-07-16 05:19:12,24.32,Mechanical,Transmission,Root cause analysis: Wear and tear,Preventive,42534.41
DT00330,EQ0025,2023-08-12,2023-08-12 03:00:00,2023-08-14 04:24:00,49.4,Electrical,Boom,Root cause analysis: Operator error,Reactive,27819.56
DT00331,EQ0025,2024-11-08,2024-11-08 08:00:00,2024-11-10 01:11:24,41.19,Electrical,Fuel System,Root cause analysis: Operator error,Reactive,9726.15
DT00332,EQ0025,2025-06-04,2025-06-04 04:00:00,2025-06-05 09:41:24,29.69,Engine,Bucket,Root cause analysis: Material fatigue,Preventive,19747.37
DT00333,EQ0025,2024-03-15,2024-03-15 02:00:00,2024-03-15 18:24:00,16.4,Structural,Transmission,Root cause analysis: External damage,Preventive,9754.51
DT00334,EQ0025,2024-10-29,2024-10-29 02:00:00,2024-10-29 17:48:00,15.8,Hydraulic,Undercarriage,Root cause analysis: External damage,Preventive,48312.86
DT00335,EQ0025,2024-10-03,2024-10-03 07:00:00,2024-10-05 02:47:24,43.79,Structural,Transmission,Root cause analysis: Design flaw,Preventive,17923.25
DT00336,EQ0025,2025-07-26,2025-07-26 05:00:00,2025-07-28 02:13:12,45.22,Structural,Bucket,Root cause analysis: Wear and tear,Preventive,33769.45
DT00337,EQ0025,2024-10-03,2024-10-03 05:00:00,2024-10-03 15:15:00,10.25,Mechanical,Hydraulic Pump,Root cause analysis: Design flaw,Reactive,34825.11
DT00338,EQ0025,2025-11-12,2025-11-12 03:00:00,2025-11-13 08:11:24,29.19,Structural,Fuel System,Root cause analysis: Material fatigue,Reactive,9694.81
DT00339,EQ0026,2023-12-08,2023-12-08 03:00:00,2023-12-09 15:16:12,36.27,Electrical,Cooling System,Root cause analysis: Material fatigue,Preventive,31160.79
DT00340,EQ0026,2025-01-05,2025-01-05 08:00:00,2025-01-08 04:37:48,68.63,Electrical,Alternator,Root cause analysis: Material fatigue,Preventive,48209.54
DT00341,EQ0026,2025-11-01,2025-11-01 07:00:00,2025-11-03 06:42:36,47.71,Engine,Fuel System,Root cause analysis: Material fatigue,Predictive,24690.63
DT00342,EQ0026,2023-06-19,2023-06-19 04:00:00,2023-06-20 21:34:48,41.58,Hydraulic,Engine,Root cause analysis: Design flaw,Reactive,11629.75
DT00343,EQ0026,2024-08-14,2024-08-14 08:00:00,2024-08-14 21:46:12,13.77,Structural,Undercarriage,Root cause analysis: External damage,Reactive,25784.9
DT00344,EQ0026,2023-08-22,2023-08-22 06:00:00,2023-08-23 02:45:00,20.75,Structural,Engine,Root cause analysis: Material fatigue,Preventive,27544.49
DT00345,EQ0026,2025-05-20,2025-05-20 04:00:00,2025-05-20 13:10:12,9.17,Hydraulic,Engine,Root cause analysis: Material fatigue,Reactive,13509.35
DT00346,EQ0026,2023-06-28,2023-06-28 02:00:00,2023-06-29 10:43:48,32.73,Electrical,Alternator,Root cause analysis: External damage,Predictive,34612.11
DT00347,EQ0026,2025-05-26,2025-05-26 03:00:00,2025-05-26 16:37:12,13.62,Electrical,Alternator,Root cause analysis: Wear and tear,Preventive,28718.68
DT00348,EQ0026,2025-12-26,2025-12-26 03:00:00,2025-12-27 00:40:48,21.68,Hydraulic,Brake System,Root cause analysis: Design flaw,Reactive,28850.41
DT00349,EQ0027,2023-10-05,2023-10-05 07:00:00,2023-10-08 04:23:24,69.39,Mechanical,Brake System,Root cause analysis: Operator error,Preventive,35220.61
DT00350,EQ0027,2023-09-29,2023-09-29 06:00:00,2023-09-30 01:28:48,19.48,Electrical,Fuel System,Root cause analysis: Material fatigue,Preventive,7537.5
DT00351,EQ0027,2024-07-04,2024-07-04 07:00:00,2024-07-06 04:57:00,45.95,Engine,Transmission,Root cause analysis: Wear and tear,Reactive,20441.11
DT00352,EQ0027,2024-07-23,2024-07-23 06:00:00,2024-07-25 08:37:48,50.63,Engine,Undercarriage,Root cause analysis: Design flaw,Predictive,29306.8
DT00353,EQ0027,2023-07-10,2023-07-10 08:00:00,2023-07-12 13:10:12,53.17,Hydraulic,Transmission,Root cause analysis: External damage,Reactive,20186.94
DT00354,EQ0027,2025-05-29,2025-05-29 08:00:00,2025-05-31 19:44:24,59.74,Hydraulic,Cooling System,Root cause analysis: Design flaw,Preventive,17218.88
DT00355,EQ0027,2023-09-25,2023-09-25 08:00:00,2023-09-27 01:37:48,41.63,Hydraulic,Engine,Root cause analysis: Wear and tear,Reactive,5428.95
DT00356,EQ0027,2025-07-30,2025-07-30 03:00:00,2025-07-30 06:08:24,3.14,Engine,Undercarriage,Root cause analysis: Wear and tear,Preventive,49595.99
DT00357,EQ0028,2024-02-19,2024-02-19 03:00:00,2024-02-22 02:42:00,71.7,Hydraulic,Hydraulic Pump,Root cause analysis: Design flaw,Reactive,5120.33
DT00358,EQ0028,2025-01-08,2025-01-08 06:00:00,2025-01-09 01:31:48,19.53,Electrical,Engine,Root cause analysis: Material fatigue,Reactive,31467.41
DT00359,EQ0028,2024-04-24,2024-04-24 02:00:00,2024-04-25 10:03:00,32.05,Mechanical,Engine,Root cause analysis: Operator error,Predictive,24101.93
DT00360,EQ0028,2023-09-29,2023-09-29 08:00:00,2023-10-01 03:33:36,43.56,Mechanical,Engine,Root cause analysis: Design flaw,Reactive,40946.9
DT00361,EQ0028,2025-05-14,2025-05-14 08:00:00,2025-05-16 10:34:48,50.58,Mechanical,Alternator,Root cause analysis: Material fatigue,Reactive,4921.89
DT00362,EQ0028,2023-07-29,2023-07-29 06:00:00,2023-07-29 15:13:12,9.22,Hydraulic,Hydraulic Pump,Root cause analysis: Material fatigue,Predictive,38786.29
DT00363,EQ0028,2023-09-30,2023-09-30 03:00:00,2023-10-02 01:54:36,46.91,Mechanical,Boom,Root cause analysis: External damage,Predictive,919.5
DT00364,EQ0028,2023-12-03,2023-12-03 04:00:00,2023-12-04 12:48:36,32.81,Electrical,Fuel System,Root cause analysis: External damage,Reactive,34485.03
DT00365,EQ0028,2024-03-20,2024-03-20 02:00:00,2024-03-20 10:04:12,8.07,Electrical,Transmission,Root cause analysis: External damage,Preventive,36635.45
DT00366,EQ0028,2024-12-20,2024-12-20 06:00:00,2024-12-23 03:25:48,69.43,Electrical,Alternator,Root cause analysis: Design flaw,Reactive,32408.72
DT00367,EQ0028,2024-05-23,2024-05-23 05:00:00,2024-05-24 21:44:24,40.74,Mechanical,Brake System,Root cause analysis: Operator error,Reactive,26128.58
DT00368,EQ0028,2025-11-09,2025-11-09 07:00:00,2025-11-09 22:12:36,15.21,Hydraulic,Engine,Root cause analysis: Operator error,Reactive,24996.94
DT00369,EQ0028,2023-08-19,2023-08-19 02:00:00,2023-08-19 20:52:48,18.88,Structural,Engine,Root cause analysis: Design flaw,Preventive,46729.26
DT00370,EQ0028,2023-09-28,2023-09-28 07:00:00,2023-09-29 12:04:48,29.08,Hydraulic,Boom,Root cause analysis: Operator error,Preventive,38254.93
DT00371,EQ0028,2023-05-30,2023-05-30 02:00:00,2023-05-30 05:10:12,3.17,Mechanical,Brake System,Root cause analysis: Operator error,Preventive,2471.43
DT00372,EQ0028,2023-05-04,2023-05-04 07:00:00,2023-05-07 03:24:36,68.41,Structural,Brake System,Root cause analysis: External damage,Preventive,38471.95
DT00373,EQ0028,2025-05-17,2025-05-17 02:00:00,2025-05-19 05:07:48,51.13,Structural,Boom,Root cause analysis: External damage,Reactive,8057.68
DT00374,EQ0028,2023-06-21,2023-06-21 04:00:00,2023-06-22 03:41:24,23.69,Electrical,Boom,Root cause analysis: Design flaw,Reactive,19841.21
DT00375,EQ0029,2024-09-27,2024-09-27 04:00:00,2024-09-29 06:54:36,50.91,Mechanical,Alternator,Root cause analysis: Wear and tear,Reactive,46269.07
DT00376,EQ0029,2023-08-26,2023-08-26 01:00:00,2023-08-27 10:44:24,33.74,Hydraulic,Hydraulic Pump,Root cause analysis: Wear and tear,Reactive,1126.92
DT00377,EQ0029,2023-10-09,2023-10-09 03:00:00,2023-10-11 06:06:00,51.1,Engine,Cooling System,Root cause analysis: External damage,Reactive,26102.53
DT00378,EQ0029,2024-06-14,2024-06-14 03:00:00,2024-06-14 16:41:24,13.69,Hydraulic,Transmission,Root cause analysis: Wear and tear,Preventive,17083.05
DT00379,EQ0029,2025-05-29,2025-05-29 02:00:00,2025-05-29 23:02:24,21.04,Hydraulic,Bucket,Root cause analysis: Wear and tear,Reactive,25059.3
DT00380,EQ0029,2025-11-12,2025-11-12 08:00:00,2025-11-13 11:12:36,27.21,Structural,Hydraulic Pump,Root cause analysis: Design flaw,Reactive,8286.84
DT00381,EQ0029,2023-07-30,2023-07-30 02:00:00,2023-08-01 18:36:00,64.6,Electrical,Boom,Root cause analysis: Wear and tear,Reactive,2679.88
DT00382,EQ0030,2024-05-15,2024-05-15 06:00:00,2024-05-15 11:13:12,5.22,Engine,Hydraulic Pump,Root cause analysis: Operator error,Preventive,46592.42
DT00383,EQ0030,2023-03-14,2023-03-14 07:00:00,2023-03-15 23:42:00,40.7,Electrical,Cooling System,Root cause analysis: Operator error,Preventive,21104.7
DT00384,EQ0030,2024-10-17,2024-10-17 02:00:00,2024-10-17 22:59:24,20.99,Structural,Cooling System,Root cause analysis: Wear and tear,Reactive,25351.03
DT00385,EQ0030,2023-04-18,2023-04-18 01:00:00,2023-04-18 15:33:00,14.55,Engine,Transmission,Root cause analysis: Material fatigue,Reactive,43368.6
DT00386,EQ0030,2024-09-28,2024-09-28 08:00:00,2024-09-29 08:54:36,24.91,Mechanical,Cooling System,Root cause analysis: Operator error,Preventive,14933.96
DT00387,EQ0031,2024-05-11,2024-05-11 08:00:00,2024-05-12 18:28:12,34.47,Electrical,Boom,Root cause analysis: Operator error,Reactive,7953.04
DT00388,EQ0031,2025-04-19,2025-04-19 06:00:00,2025-04-19 09:40:12,3.67,Mechanical,Cooling System,Root cause analysis: Wear and tear,Preventive,38066.99
DT00389,EQ0031,2025-02-09,2025-02-09 05:00:00,2025-02-11 18:25:48,61.43,Mechanical,Alternator,Root cause analysis: External damage,Preventive,49164.23
DT00390,EQ0031,2025-05-09,2025-05-09 01:00:00,2025-05-10 13:26:24,36.44,Electrical,Brake System,Root cause analysis: Wear and tear,Reactive,2673.06
DT00391,EQ0031,2024-04-19,2024-04-19 07:00:00,2024-04-21 23:48:36,64.81,Hydraulic,Undercarriage,Root cause analysis: Wear and tear,Reactive,29248.15
DT00392,EQ0031,2025-11-01,2025-11-01 07:00:00,2025-11-01 18:21:00,11.35,Mechanical,Bucket,Root cause analysis: External damage,Predictive,3583.0
DT00393,EQ0031,2023-09-25,2023-09-25 05:00:00,2023-09-25 23:34:12,18.57,Hydraulic,Fuel System,Root cause analysis: Design flaw,Reactive,16243.86
DT00394,EQ0031,2024-07-10,2024-07-10 04:00:00,2024-07-10 22:21:00,18.35,Electrical,Bucket,Root cause analysis: Wear and tear,Reactive,8192.82
DT00395,EQ0031,2023-12-03,2023-12-03 06:00:00,2023-12-04 15:28:12,33.47,Engine,Transmission,Root cause analysis: External damage,Preventive,18235.23
DT00396,EQ0031,2024-03-01,2024-03-01 08:00:00,2024-03-02 17:37:48,33.63,Hydraulic,Transmission,Root cause analysis: Wear and tear,Predictive,8301.96
DT00397,EQ0031,2024-09-15,2024-09-15 01:00:00,2024-09-17 12:51:00,59.85,Electrical,Cooling System,Root cause analysis: Operator error,Predictive,5015.04
DT00398,EQ0031,2024-05-23,2024-05-23 07:00:00,2024-05-26 04:47:24,69.79,Structural,Engine,Root cause analysis: Design flaw,Preventive,13378.26
DT00399,EQ0031,2023-12-23,2023-12-23 07:00:00,2023-12-23 11:10:48,4.18,Engine,Boom,Root cause analysis: External damage,Reactive,12867.71
DT00400,EQ0031,2025-08-04,2025-08-04 03:00:00,2025-08-04 12:07:48,9.13,Mechanical,Engine,Root cause analysis: Wear and tear,Reactive,41603.43
DT00401,EQ0032,2023-09-25,2023-09-25 07:00:00,2023-09-25 22:52:12,15.87,Hydraulic,Transmission,Root cause analysis: External damage,Preventive,29512.88
DT00402,EQ0032,2023-06-03,2023-06-03 02:00:00,2023-06-03 05:31:48,3.53,Electrical,Undercarriage,Root cause analysis: Operator error,Reactive,5052.94
DT00403,EQ0032,2024-11-10,2024-11-10 08:00:00,2024-11-10 18:34:48,10.58,Mechanical,Hydraulic Pump,Root cause analysis: External damage,Reactive,21941.24
DT00404,EQ0032,2025-03-19,2025-03-19 07:00:00,2025-03-20 19:43:48,36.73,Engine,Hydraulic Pump,Root cause analysis: Design flaw,Predictive,11128.45
DT00405,EQ0032,2024-01-19,2024-01-19 08:00:00,2024-01-20 05:15:00,21.25,Electrical,Engine,Root cause analysis: External damage,Reactive,31149.24
DT00406,EQ0032,2024-05-18,2024-05-18 08:00:00,2024-05-20 07:18:36,47.31,Engine,Boom,Root cause analysis: Material fatigue,Reactive,3518.46
DT00407,EQ0032,2024-07-26,2024-07-26 07:00:00,2024-07-27 11:48:36,28.81,Electrical,Boom,Root cause analysis: Operator error,Reactive,31722.34
DT00408,EQ0032,2023-02-09,2023-02-09 06:00:00,2023-02-12 05:15:36,71.26,Engine,Boom,Root cause analysis: Material fatigue,Reactive,17529.69
DT00409,EQ0032,2025-10-25,2025-10-25 05:00:00,2025-10-26 05:30:36,24.51,Electrical,Engine,Root cause analysis: Design flaw,Reactive,30057.26
DT00410,EQ0032,2023-03-02,2023-03-02 05:00:00,2023-03-04 21:42:00,64.7,Mechanical,Undercarriage,Root cause analysis: External damage,Reactive,18192.93
DT00411,EQ0032,2024-04-21,2024-04-21 02:00:00,2024-04-24 00:10:48,70.18,Electrical,Alternator,Root cause analysis: Design flaw,Reactive,26917.63
DT00412,EQ0032,2023-04-25,2023-04-25 04:00:00,2023-04-27 11:28:48,55.48,Structural,Fuel System,Root cause analysis: Design flaw,Preventive,46792.7
DT00413,EQ0033,2023-12-27,2023-12-27 06:00:00,2023-12-28 00:33:36,18.56,Hydraulic,Bucket,Root cause analysis: Wear and tear,Preventive,35320.92
DT00414,EQ0033,2024-12-21,2024-12-21 03:00:00,2024-12-23 23:19:48,68.33,Structural,Alternator,Root cause analysis: Material fatigue,Reactive,27335.17
DT00415,EQ0033,2023-12-26,2023-12-26 02:00:00,2023-12-27 14:19:48,36.33,Mechanical,Alternator,Root cause analysis: External damage,Predictive,11331.04
DT00416,EQ0033,2025-12-14,2025-12-14 06:00:00,2025-12-15 17:27:36,35.46,Structural,Alternator,Root cause analysis: Operator error,Reactive,17367.57
DT00417,EQ0033,2023-12-30,2023-12-30 06:00:00,2024-01-02 00:18:36,66.31,Mechanical,Engine,Root cause analysis: Operator error,Reactive,29537.15
DT00418,EQ0033,2023-10-18,2023-10-18 06:00:00,2023-10-20 14:12:36,56.21,Mechanical,Cooling System,Root cause analysis: Material fatigue,Preventive,29507.82
DT00419,EQ0033,2024-11-20,2024-11-20 03:00:00,2024-11-21 02:07:12,23.12,Electrical,Fuel System,Root cause analysis: Material fatigue,Reactive,32634.42
DT00420,EQ0033,2023-12-23,2023-12-23 06:00:00,2023-12-25 09:30:00,51.5,Electrical,Bucket,Root cause analysis: Operator error,Predictive,19230.01
DT00421,EQ0033,2024-08-26,2024-08-26 01:00:00,2024-08-26 11:54:36,10.91,Structural,Fuel System,Root cause analysis: External damage,Reactive,2102.95
DT00422,EQ0033,2024-10-13,2024-10-13 04:00:00,2024-10-15 22:28:12,66.47,Structural,Transmission,Root cause analysis: Material fatigue,Predictive,7461.85
DT00423,EQ0034,2024-05-02,2024-05-02 06:00:00,2024-05-03 08:16:48,26.28,Electrical,Transmission,Root cause analysis: Design flaw,Reactive,22608.18
DT00424,EQ0034,2024-06-27,2024-06-27 02:00:00,2024-06-27 18:40:48,16.68,Hydraulic,Brake System,Root cause analysis: Wear and tear,Preventive,36160.47
DT00425,EQ0034,2023-04-09,2023-04-09 07:00:00,2023-04-10 12:01:12,29.02,Electrical,Fuel System,Root cause analysis: Material fatigue,Reactive,44147.65
DT00426,EQ0034,2024-12-20,2024-12-20 02:00:00,2024-12-21 18:13:12,40.22,Engine,Bucket,Root cause analysis: Operator error,Predictive,8551.5
DT00427,EQ0034,2023-05-31,2023-05-31 01:00:00,2023-06-02 10:56:24,57.94,Hydraulic,Engine,Root cause analysis: Design flaw,Reactive,13425.82
DT00428,EQ0034,2023-08-03,2023-08-03 03:00:00,2023-08-03 10:11:24,7.19,Engine,Hydraulic Pump,Root cause analysis: Wear and tear,Reactive,27578.79
DT00429,EQ0034,2023-07-10,2023-07-10 08:00:00,2023-07-11 09:39:36,25.66,Mechanical,Fuel System,Root cause analysis: Operator error,Predictive,30562.22
DT00430,EQ0035,2023-11-18,2023-11-18 06:00:00,2023-11-18 11:45:00,5.75,Electrical,Alternator,Root cause analysis: Material fatigue,Reactive,35011.24
DT00431,EQ0035,2024-06-27,2024-06-27 05:00:00,2024-06-29 05:14:24,48.24,Electrical,Transmission,Root cause analysis: Wear and tear,Preventive,19948.66
DT00432,EQ0035,2025-10-02,2025-10-02 06:00:00,2025-10-02 18:45:00,12.75,Mechanical,Fuel System,Root cause analysis: Wear and tear,Preventive,15080.2
DT00433,EQ0035,2025-09-10,2025-09-10 01:00:00,2025-09-10 16:58:48,15.98,Electrical,Hydraulic Pump,Root cause analysis: Design flaw,Reactive,48864.36
DT00434,EQ0035,2025-08-27,2025-08-27 05:00:00,2025-08-29 18:03:36,61.06,Engine,Undercarriage,Root cause analysis: Material fatigue,Preventive,44796.44
DT00435,EQ0035,2024-06-26,2024-06-26 07:00:00,2024-06-26 15:22:48,8.38,Electrical,Cooling System,Root cause analysis: Material fatigue,Reactive,18785.38
DT00436,EQ0035,2025-07-01,2025-07-01 08:00:00,2025-07-01 13:07:12,5.12,Engine,Brake System,Root cause analysis: Operator error,Predictive,41935.4
DT00437,EQ0035,2023-05-07,2023-05-07 02:00:00,2023-05-07 14:34:48,12.58,Mechanical,Cooling System,Root cause analysis: External damage,Reactive,20992.34
DT00438,EQ0035,2024-04-10,2024-04-10 07:00:00,2024-04-11 23:45:00,40.75,Structural,Fuel System,Root cause analysis: External damage,Reactive,34509.86
DT00439,EQ0035,2025-08-30,2025-08-30 04:00:00,2025-08-31 22:05:24,42.09,Engine,Brake System,Root cause analysis: Wear and tear,Predictive,20042.82
DT00440,EQ0035,2023-03-13,2023-03-13 03:00:00,2023-03-14 16:09:00,37.15,Mechanical,Undercarriage,Root cause analysis: Operator error,Preventive,47478.54
DT00441,EQ0035,2023-12-09,2023-12-09 04:00:00,2023-12-12 02:03:00,70.05,Electrical,Engine,Root cause analysis: Material fatigue,Reactive,4379.24
DT00442,EQ0035,2025-06-10,2025-06-10 03:00:00,2025-06-10 19:07:48,16.13,Structural,Brake System,Root cause analysis: Design flaw,Preventive,45584.82
DT00443,EQ0035,2023-05-18,2023-05-18 07:00:00,2023-05-18 15:05:24,8.09,Structural,Cooling System,Root cause analysis: Design flaw,Reactive,26224.56
DT00444,EQ0035,2023-01-26,2023-01-26 07:00:00,2023-01-28 16:03:36,57.06,Mechanical,Fuel System,Root cause analysis: Operator error,Reactive,7835.89
DT00445,EQ0035,2023-07-25,2023-07-25 02:00:00,2023-07-27 20:44:24,66.74,Hydraulic,Boom,Root cause analysis: Design flaw,Reactive,43955.73
DT00446,EQ0035,2024-06-24,2024-06-24 08:00:00,2024-06-25 12:48:36,28.81,Structural,Bucket,Root cause analysis: Material fatigue,Reactive,2354.55
DT00447,EQ0035,2024-07-18,2024-07-18 07:00:00,2024-07-19 13:12:36,30.21,Mechanical,Fuel System,Root cause analysis: Design flaw,Reactive,34680.43
DT00448,EQ0036,2025-08-31,2025-08-31 06:00:00,2025-09-03 00:27:36,66.46,Mechanical,Cooling System,Root cause analysis: Design flaw,Reactive,15891.99
DT00449,EQ0036,2025-10-03,2025-10-03 02:00:00,2025-10-05 16:04:48,62.08,Electrical,Hydraulic Pump,Root cause analysis: Design flaw,Predictive,48723.86
DT00450,EQ0036,2025-06-26,2025-06-26 06:00:00,2025-06-28 14:10:48,56.18,Hydraulic,Fuel System,Root cause analysis: External damage,Predictive,32454.96
DT00451,EQ0036,2024-01-20,2024-01-20 07:00:00,2024-01-21 15:55:12,32.92,Engine,Boom,Root cause analysis: Design flaw,Preventive,41140.36
DT00452,EQ0036,2025-11-21,2025-11-21 02:00:00,2025-11-23 11:24:00,57.4,Hydraulic,Boom,Root cause analysis: Material fatigue,Reactive,7214.67
DT00453,EQ0036,2025-12-09,2025-12-09 01:00:00,2025-12-11 16:33:00,63.55,Electrical,Alternator,Root cause analysis: Operator error,Reactive,41930.35
DT00454,EQ0037,2023-03-09,2023-03-09 06:00:00,2023-03-10 15:57:00,33.95,Electrical,Brake System,Root cause analysis: Design flaw,Preventive,41263.56
DT00455,EQ0037,2025-10-31,2025-10-31 02:00:00,2025-11-01 07:47:24,29.79,Mechanical,Alternator,Root cause analysis: Design flaw,Preventive,24694.94
DT00456,EQ0037,2025-07-02,2025-07-02 08:00:00,2025-07-02 22:25:48,14.43,Structural,Boom,Root cause analysis: Design flaw,Reactive,17540.33
DT00457,EQ0037,2024-06-13,2024-06-13 02:00:00,2024-06-15 08:25:48,54.43,Hydraulic,Engine,Root cause analysis: Material fatigue,Predictive,2957.73
DT00458,EQ0037,2024-03-14,2024-03-14 04:00:00,2024-03-16 18:00:00,62.0,Electrical,Brake System,Root cause analysis: Material fatigue,Preventive,25907.42
DT00459,EQ0037,2023-01-19,2023-01-19 03:00:00,2023-01-20 14:11:24,35.19,Electrical,Bucket,Root cause analysis: Wear and tear,Predictive,11576.62
DT00460,EQ0037,2024-09-17,2024-09-17 05:00:00,2024-09-19 08:53:24,51.89,Engine,Fuel System,Root cause analysis: Design flaw,Preventive,23220.4
DT00461,EQ0037,2024-03-22,2024-03-22 07:00:00,2024-03-23 17:40:12,34.67,Structural,Transmission,Root cause analysis: Wear and tear,Preventive,25819.93
DT00462,EQ0037,2025-02-05,2025-02-05 05:00:00,2025-02-06 22:18:00,41.3,Hydraulic,Transmission,Root cause analysis: Material fatigue,Reactive,3659.93
DT00463,EQ0037,2024-07-20,2024-07-20 05:00:00,2024-07-22 03:50:24,46.84,Hydraulic,Brake System,Root cause analysis: Operator error,Predictive,7921.5
DT00464,EQ0037,2024-05-07,2024-05-07 07:00:00,2024-05-09 23:58:48,64.98,Hydraulic,Hydraulic Pump,Root cause analysis: Wear and tear,Preventive,32942.33
DT00465,EQ0037,2024-08-28,2024-08-28 07:00:00,2024-08-29 03:09:36,20.16,Engine,Fuel System,Root cause analysis: Wear and tear,Reactive,29359.67
DT00466,EQ0038,2024-12-03,2024-12-03 04:00:00,2024-12-05 08:51:36,52.86,Structural,Undercarriage,Root cause analysis: Design flaw,Reactive,25612.09
DT00467,EQ0038,2023-12-15,2023-12-15 03:00:00,2023-12-17 15:50:24,60.84,Hydraulic,Transmission,Root cause analysis: Material fatigue,Reactive,6833.23
DT00468,EQ0038,2024-06-13,2024-06-13 03:00:00,2024-06-15 07:45:36,52.76,Hydraulic,Transmission,Root cause analysis: Operator error,Preventive,18086.53
DT00469,EQ0038,2024-09-20,2024-09-20 06:00:00,2024-09-21 13:25:48,31.43,Hydraulic,Brake System,Root cause analysis: External damage,Predictive,15055.53
DT00470,EQ0038,2023-08-30,2023-08-30 02:00:00,2023-08-31 12:56:24,34.94,Engine,Alternator,Root cause analysis: External damage,Reactive,6430.89
DT00471,EQ0038,2025-02-20,2025-02-20 07:00:00,2025-02-21 22:05:24,39.09,Mechanical,Hydraulic Pump,Root cause analysis: Operator error,Reactive,49621.22
DT00472,EQ0038,2024-12-02,2024-12-02 08:00:00,2024-12-03 14:38:24,30.64,Electrical,Cooling System,Root cause analysis: Operator error,Reactive,39057.59
DT00473,EQ0038,2025-09-25,2025-09-25 03:00:00,2025-09-26 04:16:48,25.28,Hydraulic,Engine,Root cause analysis: Wear and tear,Predictive,22876.63
DT00474,EQ0038,2024-03-04,2024-03-04 03:00:00,2024-03-06 10:16:48,55.28,Structural,Hydraulic Pump,Root cause analysis: Material fatigue,Preventive,39367.94
DT00475,EQ0038,2023-06-30,2023-06-30 07:00:00,2023-06-30 18:03:36,11.06,Engine,Fuel System,Root cause analysis: Material fatigue,Preventive,48283.73
DT00476,EQ0038,2025-02-24,2025-02-24 04:00:00,2025-02-24 06:19:48,2.33,Hydraulic,Engine,Root cause analysis: Design flaw,Reactive,37963.96
DT00477,EQ0039,2023-02-06,2023-02-06 04:00:00,2023-02-08 05:22:12,49.37,Electrical,Cooling System,Root cause analysis: Design flaw,Reactive,6882.07
DT00478,EQ0039,2025-02-24,2025-02-24 05:00:00,2025-02-25 18:13:48,37.23,Electrical,Transmission,Root cause analysis: Wear and tear,Reactive,15261.01
DT00479,EQ0039,2024-08-18,2024-08-18 06:00:00,2024-08-19 15:54:36,33.91,Engine,Hydraulic Pump,Root cause analysis: Design flaw,Reactive,49808.88
DT00480,EQ0039,2025-09-30,2025-09-30 04:00:00,2025-10-01 07:09:00,27.15,Electrical,Fuel System,Root cause analysis: Wear and tear,Preventive,11806.71
DT00481,EQ0039,2023-09-26,2023-09-26 01:00:00,2023-09-26 17:46:48,16.78,Structural,Boom,Root cause analysis: Operator error,Preventive,6596.52
DT00482,EQ0039,2023-03-18,2023-03-18 05:00:00,2023-03-19 09:15:36,28.26,Structural,Bucket,Root cause analysis: Wear and tear,Predictive,29899.24
DT00483,EQ0039,2023-04-09,2023-04-09 01:00:00,2023-04-11 01:20:24,48.34,Mechanical,Transmission,Root cause analysis: Material fatigue,Predictive,22493.56
DT00484,EQ0039,2023-09-11,2023-09-11 08:00:00,2023-09-13 00:18:36,40.31,Electrical,Alternator,Root cause analysis: Wear and tear,Reactive,15405.26
DT00485,EQ0039,2023-07-26,2023-07-26 05:00:00,2023-07-28 05:22:12,48.37,Structural,Bucket,Root cause analysis: Operator error,Preventive,21231.87
DT00486,EQ0039,2023-08-03,2023-08-03 02:00:00,2023-08-04 15:48:36,37.81,Hydraulic,Transmission,Root cause analysis: Wear and tear,Predictive,25138.08
DT00487,EQ0039,2024-02-14,2024-02-14 04:00:00,2024-02-16 12:27:36,56.46,Hydraulic,Fuel System,Root cause analysis: Design flaw,Preventive,8438.49
DT00488,EQ0040,2024-03-01,2024-03-01 08:00:00,2024-03-03 10:10:12,50.17,Hydraulic,Alternator,Root cause analysis: Wear and tear,Reactive,1131.1
DT00489,EQ0040,2023-07-02,2023-07-02 08:00:00,2023-07-05 01:28:48,65.48,Electrical,Transmission,Root cause analysis: External damage,Reactive,4214.89
DT00490,EQ0040,2023-07-27,2023-07-27 04:00:00,2023-07-29 21:19:48,65.33,Engine,Brake System,Root cause analysis: Design flaw,Reactive,23481.73
DT00491,EQ0040,2023-07-24,2023-07-24 01:00:00,2023-07-26 11:55:12,58.92,Hydraulic,Cooling System,Root cause analysis: Design flaw,Predictive,21586.76
DT00492,EQ0040,2023-08-26,2023-08-26 01:00:00,2023-08-26 09:39:00,8.65,Mechanical,Hydraulic Pump,Root cause analysis: Operator error,Preventive,16768.71
DT00493,EQ0040,2025-06-15,2025-06-15 05:00:00,2025-06-18 01:51:36,68.86,Mechanical,Cooling System,Root cause analysis: Design flaw,Reactive,9552.04
DT00494,EQ0040,2025-03-31,2025-03-31 08:00:00,2025-04-01 14:01:12,30.02,Hydraulic,Fuel System,Root cause analysis: Material fatigue,Preventive,40095.01
DT00495,EQ0040,2023-12-08,2023-12-08 01:00:00,2023-12-08 10:54:36,9.91,Electrical,Transmission,Root cause analysis: Material fatigue,Preventive,45605.72
DT00496,EQ0040,2025-09-15,2025-09-15 08:00:00,2025-09-17 18:09:36,58.16,Electrical,Bucket,Root cause analysis: Material fatigue,Reactive,39068.63
DT00497,EQ0040,2023-03-01,2023-03-01 03:00:00,2023-03-03 17:22:48,62.38,Engine,Undercarriage,Root cause analysis: Wear and tear,Reactive,44435.9
DT00498,EQ0040,2025-06-21,2025-06-21 05:00:00,2025-06-21 10:13:12,5.22,Hydraulic,Engine,Root cause analysis: External damage,Preventive,38492.67
DT00499,EQ0040,2024-04-03,2024-04-03 06:00:00,2024-04-06 04:27:00,70.45,Structural,Boom,Root cause analysis: External damage,Reactive,5214.49
DT00500,EQ0040,2024-05-24,2024-05-24 07:00:00,2024-05-25 18:44:24,35.74,Electrical,Boom,Root cause analysis: External damage,Preventive,3201.02
DT00501,EQ0040,2023-11-18,2023-11-18 08:00:00,2023-11-19 21:23:24,37.39,Engine,Hydraulic Pump,Root cause analysis: Wear and tear,Reactive,37695.79
DT00502,EQ0040,2024-10-18,2024-10-18 05:00:00,2024-10-18 23:51:36,18.86,Mechanical,Boom,Root cause analysis: Operator error,Preventive,27749.53
DT00503,EQ0040,2025-02-14,2025-02-14 04:00:00,2025-02-15 10:13:48,30.23,Mechanical,Undercarriage,Root cause analysis: Material fatigue,Reactive,40162.43
DT00504,EQ0040,2025-07-06,2025-07-06 08:00:00,2025-07-06 16:09:36,8.16,Engine,Cooling System,Root cause analysis: Wear and tear,Reactive,49043.2
DT00505,EQ0040,2023-02-06,2023-02-06 07:00:00,2023-02-06 16:11:24,9.19,Mechanical,Boom,Root cause analysis: External damage,Preventive,508.4
DT00506,EQ0040,2023-07-06,2023-07-06 05:00:00,2023-07-08 14:25:12,57.42,Structural,Boom,Root cause analysis: Operator error,Reactive,32902.5
DT00507,EQ0040,2025-07-23,2025-07-23 06:00:00,2025-07-26 02:31:12,68.52,Mechanical,Alternator,Root cause analysis: Material fatigue,Reactive,16932.64
DT00508,EQ0041,2025-01-14,2025-01-14 02:00:00,2025-01-16 06:06:36,52.11,Mechanical,Alternator,Root cause analysis: Wear and tear,Reactive,17397.18
DT00509,EQ0041,2024-08-20,2024-08-20 06:00:00,2024-08-21 22:20:24,40.34,Mechanical,Engine,Root cause analysis: Operator error,Preventive,24874.9
DT00510,EQ0041,2025-04-18,2025-04-18 04:00:00,2025-04-18 13:29:24,9.49,Electrical,Transmission,Root cause analysis: Material fatigue,Preventive,11171.68
DT00511,EQ0041,2024-01-26,2024-01-26 02:00:00,2024-01-28 06:10:48,52.18,Engine,Engine,Root cause analysis: External damage,Preventive,6599.35
DT00512,EQ0041,2025-07-11,2025-07-11 03:00:00,2025-07-12 13:01:12,34.02,Engine,Engine,Root cause analysis: External damage,Reactive,36942.59
DT00513,EQ0041,2025-06-05,2025-06-05 08:00:00,2025-06-07 20:43:12,60.72,Structural,Hydraulic Pump,Root cause analysis: External damage,Reactive,9095.69
DT00514,EQ0041,2023-09-20,2023-09-20 06:00:00,2023-09-20 15:15:00,9.25,Structural,Fuel System,Root cause analysis: Material fatigue,Reactive,48985.29
DT00515,EQ0041,2024-05-23,2024-05-23 06:00:00,2024-05-24 03:09:00,21.15,Hydraulic,Undercarriage,Root cause analysis: Operator error,Reactive,7339.91
DT00516,EQ0041,2025-11-15,2025-11-15 06:00:00,2025-11-16 04:55:12,22.92,Structural,Alternator,Root cause analysis: Operator error,Reactive,10880.78
DT00517,EQ0041,2024-08-18,2024-08-18 03:00:00,2024-08-20 05:03:36,50.06,Electrical,Boom,Root cause analysis: External damage,Reactive,34868.44
DT00518,EQ0041,2024-10-22,2024-10-22 06:00:00,2024-10-24 09:43:12,51.72,Structural,Undercarriage,Root cause analysis: External damage,Reactive,28746.59
DT00519,EQ0041,2025-05-04,2025-05-04 05:00:00,2025-05-06 06:12:00,49.2,Engine,Engine,Root cause analysis: External damage,Predictive,5770.29
DT00520,EQ0041,2025-02-19,2025-02-19 01:00:00,2025-02-19 13:10:12,12.17,Electrical,Brake System,Root cause analysis: Operator error,Reactive,49184.85
DT00521,EQ0041,2024-05-28,2024-05-28 01:00:00,2024-05-28 13:15:00,12.25,Hydraulic,Alternator,Root cause analysis: External damage,Reactive,2099.17
DT00522,EQ0041,2025-07-15,2025-07-15 04:00:00,2025-07-15 13:10:12,9.17,Structural,Fuel System,Root cause analysis: Operator error,Preventive,25790.65
DT00523,EQ0041,2024-08-12,2024-08-12 01:00:00,2024-08-14 03:30:36,50.51,Engine,Fuel System,Root cause analysis: Material fatigue,Reactive,47856.75
DT00524,EQ0041,2024-10-02,2024-10-02 01:00:00,2024-10-04 22:36:36,69.61,Mechanical,Brake System,Root cause analysis: Operator error,Preventive,31217.8
DT00525,EQ0041,2025-06-26,2025-06-26 06:00:00,2025-06-28 18:06:00,60.1,Structural,Boom,Root cause analysis: External damage,Preventive,10225.22
DT00526,EQ0041,2024-02-01,2024-02-01 03:00:00,2024-02-02 01:35:24,22.59,Mechanical,Hydraulic Pump,Root cause analysis: Operator error,Predictive,36886.43
DT00527,EQ0041,2023-09-02,2023-09-02 07:00:00,2023-09-03 11:24:00,28.4,Hydraulic,Boom,Root cause analysis: Design flaw,Reactive,6938.29
DT00528,EQ0042,2023-01-12,2023-01-12 03:00:00,2023-01-13 04:08:24,25.14,Mechanical,Hydraulic Pump,Root cause analysis: Design flaw,Predictive,30045.58
DT00529,EQ0042,2024-09-08,2024-09-08 06:00:00,2024-09-09 18:20:24,36.34,Mechanical,Cooling System,Root cause analysis: External damage,Reactive,11388.12
DT00530,EQ0042,2024-01-12,2024-01-12 03:00:00,2024-01-13 17:26:24,38.44,Engine,Boom,Root cause analysis: External damage,Reactive,20469.14
DT00531,EQ0042,2024-12-16,2024-12-16 04:00:00,2024-12-16 21:28:48,17.48,Hydraulic,Cooling System,Root cause analysis: Design flaw,Reactive,15031.93
DT00532,EQ0042,2025-12-22,2025-12-22 01:00:00,2025-12-23 12:14:24,35.24,Mechanical,Cooling System,Root cause analysis: Material fatigue,Predictive,12397.22
DT00533,EQ0042,2024-05-14,2024-05-14 06:00:00,2024-05-17 03:07:12,69.12,Engine,Transmission,Root cause analysis: Material fatigue,Reactive,13201.23
DT00534,EQ0042,2024-08-02,2024-08-02 06:00:00,2024-08-02 09:43:48,3.73,Structural,Boom,Root cause analysis: Material fatigue,Reactive,24596.83
DT00535,EQ0042,2024-08-30,2024-08-30 04:00:00,2024-09-01 20:52:48,64.88,Hydraulic,Boom,Root cause analysis: Wear and tear,Preventive,47436.49
DT00536,EQ0042,2023-12-09,2023-12-09 01:00:00,2023-12-11 23:00:36,70.01,Mechanical,Alternator,Root cause analysis: Operator error,Reactive,43315.07
DT00537,EQ0042,2025-05-18,2025-05-18 04:00:00,2025-05-20 16:30:00,60.5,Structural,Fuel System,Root cause analysis: Wear and tear,Reactive,37471.1
DT00538,EQ0042,2023-11-11,2023-11-11 06:00:00,2023-11-11 09:39:36,3.66,Mechanical,Transmission,Root cause analysis: Wear and tear,Reactive,3186.27
DT00539,EQ0042,2024-05-30,2024-05-30 04:00:00,2024-05-31 21:04:12,41.07,Hydraulic,Fuel System,Root cause analysis: Material fatigue,Reactive,22830.72
DT00540,EQ0042,2025-04-08,2025-04-08 01:00:00,2025-04-09 09:18:36,32.31,Engine,Transmission,Root cause analysis: External damage,Reactive,792.0
DT00541,EQ0043,2023-04-04,2023-04-04 02:00:00,2023-04-06 05:03:36,51.06,Hydraulic,Boom,Root cause analysis: Wear and tear,Reactive,14846.91
DT00542,EQ0043,2024-09-09,2024-09-09 05:00:00,2024-09-11 01:27:36,44.46,Engine,Fuel System,Root cause analysis: Material fatigue,Preventive,41195.06
DT00543,EQ0043,2023-03-05,2023-03-05 04:00:00,2023-03-06 15:10:48,35.18,Electrical,Fuel System,Root cause analysis: External damage,Reactive,15101.43
DT00544,EQ0043,2023-10-23,2023-10-23 06:00:00,2023-10-24 04:51:36,22.86,Mechanical,Boom,Root cause analysis: External damage,Reactive,7498.01
DT00545,EQ0043,2023-03-27,2023-03-27 07:00:00,2023-03-27 09:21:00,2.35,Structural,Boom,Root cause analysis: Wear and tear,Preventive,15582.21
DT00546,EQ0043,2024-12-05,2024-12-05 03:00:00,2024-12-05 19:49:12,16.82,Electrical,Hydraulic Pump,Root cause analysis: Operator error,Reactive,31035.8
DT00547,EQ0043,2024-06-01,2024-06-01 03:00:00,2024-06-01 18:36:00,15.6,Structural,Engine,Root cause analysis: External damage,Preventive,23332.63
DT00548,EQ0044,2024-08-18,2024-08-18 05:00:00,2024-08-20 06:01:12,49.02,Mechanical,Alternator,Root cause analysis: External damage,Reactive,24615.93
DT00549,EQ0044,2024-11-08,2024-11-08 04:00:00,2024-11-09 07:00:00,27.0,Mechanical,Brake System,Root cause analysis: External damage,Reactive,3955.54
DT00550,EQ0044,2024-02-01,2024-02-01 08:00:00,2024-02-02 08:15:00,24.25,Hydraulic,Bucket,Root cause analysis: Design flaw,Reactive,34826.18
DT00551,EQ0044,2023-11-09,2023-11-09 06:00:00,2023-11-10 23:35:24,41.59,Hydraulic,Fuel System,Root cause analysis: Operator error,Reactive,739.18
DT00552,EQ0044,2024-05-19,2024-05-19 07:00:00,2024-05-21 16:00:00,57.0,Hydraulic,Cooling System,Root cause analysis: Operator error,Reactive,34139.22
DT00553,EQ0044,2024-11-10,2024-11-10 08:00:00,2024-11-12 23:27:00,63.45,Engine,Cooling System,Root cause analysis: Design flaw,Reactive,24605.08
DT00554,EQ0044,2023-08-11,2023-08-11 02:00:00,2023-08-11 16:18:00,14.3,Hydraulic,Hydraulic Pump,Root cause analysis: External damage,Reactive,10223.38
DT00555,EQ0045,2023-06-04,2023-06-04 01:00:00,2023-06-06 17:27:00,64.45,Structural,Bucket,Root cause analysis: Material fatigue,Reactive,38575.41
DT00556,EQ0045,2024-03-11,2024-03-11 05:00:00,2024-03-13 22:26:24,65.44,Structural,Boom,Root cause analysis: Material fatigue,Reactive,32868.45
DT00557,EQ0045,2023-11-01,2023-11-01 04:00:00,2023-11-02 07:36:36,27.61,Structural,Brake System,Root cause analysis: Operator error,Reactive,23502.71
DT00558,EQ0045,2025-11-11,2025-11-11 06:00:00,2025-11-11 14:20:24,8.34,Structural,Engine,Root cause analysis: Operator error,Reactive,42475.1
DT00559,EQ0045,2023-12-06,2023-12-06 03:00:00,2023-12-08 10:00:00,55.0,Engine,Hydraulic Pump,Root cause analysis: Operator error,Reactive,28534.68
DT00560,EQ0045,2023-10-27,2023-10-27 08:00:00,2023-10-29 13:30:36,53.51,Hydraulic,Engine,Root cause analysis: Operator error,Preventive,38192.88
DT00561,EQ0045,2024-04-19,2024-04-19 06:00:00,2024-04-19 12:24:00,6.4,Electrical,Engine,Root cause analysis: Operator error,Reactive,26135.32
DT00562,EQ0046,2025-03-05,2025-03-05 08:00:00,2025-03-06 18:52:48,34.88,Mechanical,Engine,Root cause analysis: Design flaw,Preventive,5609.64
DT00563,EQ0046,2025-12-03,2025-12-03 05:00:00,2025-12-05 03:21:00,46.35,Hydraulic,Bucket,Root cause analysis: External damage,Preventive,28722.93
DT00564,EQ0046,2025-02-10,2025-02-10 06:00:00,2025-02-12 05:45:36,47.76,Structural,Transmission,Root cause analysis: External damage,Reactive,12953.53
DT00565,EQ0046,2024-04-01,2024-04-01 06:00:00,2024-04-02 20:09:00,38.15,Hydraulic,Undercarriage,Root cause analysis: Material fatigue,Preventive,44415.01
DT00566,EQ0046,2023-01-14,2023-01-14 03:00:00,2023-01-15 16:07:48,37.13,Engine,Hydraulic Pump,Root cause analysis: Operator error,Predictive,4315.87
DT00567,EQ0046,2024-07-29,2024-07-29 03:00:00,2024-07-29 19:48:36,16.81,Electrical,Cooling System,Root cause analysis: External damage,Reactive,36006.48
DT00568,EQ0046,2023-08-31,2023-08-31 07:00:00,2023-09-02 07:16:48,48.28,Hydraulic,Transmission,Root cause analysis: Material fatigue,Reactive,33923.86
DT00569,EQ0046,2025-09-08,2025-09-08 03:00:00,2025-09-08 19:45:00,16.75,Engine,Engine,Root cause analysis: Operator error,Preventive,2635.64
DT00570,EQ0046,2023-11-26,2023-11-26 01:00:00,2023-11-26 12:25:48,11.43,Structural,Hydraulic Pump,Root cause analysis: Wear and tear,Preventive,8733.9
DT00571,EQ0046,2024-01-04,2024-01-04 07:00:00,2024-01-05 21:09:36,38.16,Structural,Bucket,Root cause analysis: Wear and tear,Reactive,43986.19
DT00572,EQ0046,2024-08-03,2024-08-03 04:00:00,2024-08-06 00:18:36,68.31,Engine,Bucket,Root cause analysis: Material fatigue,Reactive,43431.47
DT00573,EQ0046,2023-12-16,2023-12-16 07:00:00,2023-12-17 00:21:36,17.36,Structural,Hydraulic Pump,Root cause analysis: External damage,Reactive,41112.43
DT00574,EQ0046,2024-01-08,2024-01-08 05:00:00,2024-01-10 02:37:12,45.62,Electrical,Cooling System,Root cause analysis: Material fatigue,Reactive,30028.4
DT00575,EQ0046,2023-05-21,2023-05-21 07:00:00,2023-05-22 01:05:24,18.09,Electrical,Transmission,Root cause analysis: Wear and tear,Preventive,10516.25
DT00576,EQ0046,2025-10-29,2025-10-29 03:00:00,2025-10-31 04:54:36,49.91,Structural,Transmission,Root cause analysis: Operator error,Reactive,24055.52
DT00577,EQ0046,2023-03-21,2023-03-21 02:00:00,2023-03-23 17:26:24,63.44,Mechanical,Undercarriage,Root cause analysis: Operator error,Reactive,45148.25
DT00578,EQ0047,2025-06-02,2025-06-02 06:00:00,2025-06-03 20:32:24,38.54,Mechanical,Boom,Root cause analysis: Material fatigue,Preventive,11859.57
DT00579,EQ0047,2025-09-14,2025-09-14 07:00:00,2025-09-16 16:16:12,57.27,Hydraulic,Bucket,Root cause analysis: External damage,Reactive,5336.99
DT00580,EQ0047,2023-10-02,2023-10-02 04:00:00,2023-10-02 23:49:12,19.82,Mechanical,Brake System,Root cause analysis: External damage,Reactive,43899.93
DT00581,EQ0047,2025-04-16,2025-04-16 01:00:00,2025-04-16 21:03:00,20.05,Mechanical,Bucket,Root cause analysis: External damage,Preventive,6332.52
DT00582,EQ0047,2023-01-15,2023-01-15 04:00:00,2023-01-16 08:15:00,28.25,Hydraulic,Fuel System,Root cause analysis: Design flaw,Preventive,5775.87
DT00583,EQ0048,2024-06-03,2024-06-03 07:00:00,2024-06-04 03:17:24,20.29,Structural,Cooling System,Root cause analysis: External damage,Reactive,14140.25
DT00584,EQ0048,2025-03-24,2025-03-24 07:00:00,2025-03-26 13:51:00,54.85,Structural,Boom,Root cause analysis: Material fatigue,Reactive,9346.62
DT00585,EQ0048,2025-09-17,2025-09-17 05:00:00,2025-09-18 00:45:36,19.76,Structural,Cooling System,Root cause analysis: Material fatigue,Reactive,36921.23
DT00586,EQ0048,2023-09-01,2023-09-01 08:00:00,2023-09-03 14:21:00,54.35,Electrical,Transmission,Root cause analysis: Operator error,Reactive,25663.01
DT00587,EQ0048,2024-11-24,2024-11-24 01:00:00,2024-11-26 11:03:36,58.06,Electrical,Fuel System,Root cause analysis: Wear and tear,Reactive,40316.28
DT00588,EQ0048,2023-10-25,2023-10-25 07:00:00,2023-10-26 18:01:12,35.02,Mechanical,Transmission,Root cause analysis: Design flaw,Reactive,11477.63
DT00589,EQ0048,2023-06-13,2023-06-13 07:00:00,2023-06-15 03:37:48,44.63,Engine,Bucket,Root cause analysis: External damage,Reactive,14680.23
DT00590,EQ0048,2023-04-28,2023-04-28 03:00:00,2023-04-30 23:12:00,68.2,Engine,Undercarriage,Root cause analysis: Wear and tear,Reactive,10484.51
DT00591,EQ0048,2025-11-27,2025-11-27 01:00:00,2025-11-27 23:01:12,22.02,Structural,Boom,Root cause analysis: External damage,Reactive,35073.26
DT00592,EQ0048,2023-12-14,2023-12-14 06:00:00,2023-12-16 07:10:48,49.18,Electrical,Engine,Root cause analysis: Operator error,Reactive,4798.72
DT00593,EQ0048,2024-07-19,2024-07-19 06:00:00,2024-07-21 14:34:48,56.58,Engine,Fuel System,Root cause analysis: External damage,Reactive,10415.36
DT00594,EQ0048,2023-02-01,2023-02-01 02:00:00,2023-02-03 07:34:48,53.58,Mechanical,Boom,Root cause analysis: Design flaw,Reactive,36443.87
DT00595,EQ0048,2024-12-13,2024-12-13 05:00:00,2024-12-14 07:19:12,26.32,Electrical,Bucket,Root cause analysis: Operator error,Reactive,23010.57
DT00596,EQ0048,2025-04-07,2025-04-07 05:00:00,2025-04-08 23:14:24,42.24,Electrical,Fuel System,Root cause analysis: External damage,Preventive,5770.02
DT00597,EQ0048,2023-05-29,2023-05-29 06:00:00,2023-05-30 19:13:12,37.22,Mechanical,Boom,Root cause analysis: Design flaw,Reactive,43867.6
DT00598,EQ0048,2024-05-27,2024-05-27 07:00:00,2024-05-29 09:35:24,50.59,Structural,Undercarriage,Root cause analysis: Operator error,Preventive,37994.93
DT00599,EQ0048,2025-07-28,2025-07-28 01:00:00,2025-07-30 02:42:36,49.71,Engine,Transmission,Root cause analysis: Design flaw,Preventive,3843.94
DT00600,EQ0048,2024-03-27,2024-03-27 04:00:00,2024-03-29 05:22:48,49.38,Hydraulic,Fuel System,Root cause analysis: Design flaw,Reactive,26066.96
DT00601,EQ0049,2024-06-23,2024-06-23 02:00:00,2024-06-23 21:22:48,19.38,Engine,Cooling System,Root cause analysis: Wear and tear,Reactive,27950.3
DT00602,EQ0049,2024-01-01,2024-01-01 06:00:00,2024-01-02 17:21:36,35.36,Electrical,Bucket,Root cause analysis: Design flaw,Reactive,9547.83
DT00603,EQ0049,2024-01-25,2024-01-25 04:00:00,2024-01-26 16:55:48,36.93,Electrical,Alternator,Root cause analysis: Design flaw,Reactive,10735.54
DT00604,EQ0049,2024-02-20,2024-02-20 06:00:00,2024-02-22 18:27:00,60.45,Electrical,Transmission,Root cause analysis: Wear and tear,Preventive,46049.31
DT00605,EQ0049,2025-10-05,2025-10-05 01:00:00,2025-10-06 21:58:12,44.97,Engine,Cooling System,Root cause analysis: External damage,Reactive,16113.14
DT00606,EQ0050,2025-10-02,2025-10-02 05:00:00,2025-10-02 19:48:00,14.8,Engine,Alternator,Root cause analysis: External damage,Reactive,6848.17
DT00607,EQ0050,2025-12-12,2025-12-12 08:00:00,2025-12-14 17:57:00,57.95,Structural,Engine,Root cause analysis: External damage,Reactive,17690.8
DT00608,EQ0050,2023-12-24,2023-12-24 02:00:00,2023-12-25 12:00:00,34.0,Structural,Undercarriage,Root cause analysis: Design flaw,Reactive,34615.92
DT00609,EQ0050,2023-01-25,2023-01-25 07:00:00,2023-01-27 08:11:24,49.19,Structural,Transmission,Root cause analysis: Design flaw,Preventive,18399.32
DT00610,EQ0050,2024-06-15,2024-06-15 05:00:00,2024-06-15 20:06:00,15.1,Electrical,Brake System,Root cause analysis: Material fatigue,Reactive,47947.08
DT00611,EQ0050,2024-12-03,2024-12-03 08:00:00,2024-12-04 11:36:36,27.61,Engine,Alternator,Root cause analysis: Material fatigue,Reactive,35185.28
DT00612,EQ0050,2025-02-01,2025-02-01 07:00:00,2025-02-02 10:33:36,27.56,Hydraulic,Undercarriage,Root cause analysis: Operator error,Predictive,28784.78
DT00613,EQ0050,2024-04-13,2024-04-13 05:00:00,2024-04-15 15:59:24,58.99,Electrical,Boom,Root cause analysis: Material fatigue,Preventive,42887.28
DT00614,EQ0050,2024-02-06,2024-02-06 03:00:00,2024-02-06 15:12:36,12.21,Engine,Engine,Root cause analysis: Operator error,Reactive,21365.27
DT00615,EQ0050,2023-10-03,2023-10-03 06:00:00,2023-10-06 05:41:24,71.69,Engine,Brake System,Root cause analysis: Design flaw,Reactive,28325.85
DT00616,EQ0050,2023-04-08,2023-04-08 03:00:00,2023-04-09 08:53:24,29.89,Mechanical,Alternator,Root cause analysis: Design flaw,Reactive,24088.7
DT00617,EQ0050,2023-07-17,2023-07-17 06:00:00,2023-07-18 15:29:24,33.49,Hydraulic,Cooling System,Root cause analysis: Design flaw,Reactive,28237.33
DT00618,EQ0050,2024-06-11,2024-06-11 07:00:00,2024-06-12 09:05:24,26.09,Mechanical,Cooling System,Root cause analysis: External damage,Reactive,10348.43
